date,open,high,low,close,adjusted_close,volume,symbol
2025-07-29,177.96,179.38,175.02,175.51,175.51,153716500,NVDA
2025-07-28,174.02,177.0,173.97,176.75,176.75,140023500,NVDA
2025-07-25,173.61,174.72,172.96,173.5,173.5,122316800,NVDA
2025-07-24,172.44,173.83,171.3,173.74,173.74,128984600,NVDA
2025-07-23,169.53,171.26,167.97,170.78,170.78,154082200,NVDA
2025-07-22,171.34,171.39,164.58,167.03,167.03,193114300,NVDA
2025-07-21,172.75,173.38,171.0,171.38,171.38,123126100,NVDA
2025-07-18,173.64,174.25,171.26,172.41,172.41,146456400,NVDA
2025-07-17,172.02,174.16,170.83,173.0,173.0,160841100,NVDA
2025-07-16,171.06,171.75,168.9,171.37,171.37,158831500,NVDA
2025-07-15,171.19,172.4,169.2,170.7,170.7,230627400,NVDA
2025-07-14,165.37,165.49,162.02,164.07,164.07,136975800,NVDA
2025-07-11,163.72,167.89,163.47,164.92,164.92,193633300,NVDA
2025-07-10,164.32,164.5,161.61,164.1,164.1,167704100,NVDA
2025-07-09,161.22,164.42,161.16,162.88,162.88,183656400,NVDA
2025-07-08,159.33,160.22,158.39,160.0,160.0,138133000,NVDA
2025-07-07,158.2,159.31,157.34,158.24,158.24,140139000,NVDA
2025-07-03,158.37,160.98,157.77,159.34,159.34,143716100,NVDA
2025-07-02,152.98,157.6,152.97,157.25,157.25,171224100,NVDA
2025-07-01,156.29,157.2,151.49,153.3,153.3,213143600,NVDA
2025-06-30,158.4,158.66,155.96,157.99,157.99,194580300,NVDA
2025-06-27,156.04,158.71,155.26,157.75,157.75,263234500,NVDA
2025-06-26,155.98,156.72,154.0,155.02,155.02,198145700,NVDA
2025-06-25,149.27,154.45,149.26,154.31,154.31,269146500,NVDA
2025-06-24,145.56,147.96,145.5,147.9,147.9,187566100,NVDA
2025-06-23,142.5,144.78,142.03,144.17,144.17,154308900,NVDA
2025-06-20,145.45,146.2,142.65,143.85,143.85,242956200,NVDA
2025-06-18,144.01,145.65,143.12,145.48,145.48,161494100,NVDA
2025-06-17,144.49,145.22,143.78,144.12,144.12,139108000,NVDA
2025-06-16,143.35,146.18,143.2,144.69,144.69,183133700,NVDA
2025-06-13,142.48,143.58,140.85,141.97,141.97,180820600,NVDA
2025-06-12,141.97,145.0,141.85,145.0,145.0,162365000,NVDA
2025-06-11,144.61,144.99,141.87,142.83,142.83,167694000,NVDA
2025-06-10,142.69,144.29,141.53,143.96,143.95,155881900,NVDA
2025-06-09,143.19,145.0,141.94,142.63,142.62,185114500,NVDA
2025-06-06,142.51,143.27,141.51,141.72,141.71,153986200,NVDA
2025-06-05,142.17,144.0,138.83,139.99,139.98,231397900,NVDA
2025-06-04,142.19,142.39,139.54,141.92,141.91,167120800,NVDA
2025-06-03,138.78,142.0,137.95,141.22,141.21,225578800,NVDA
2025-06-02,135.49,138.12,135.4,137.38,137.37,197663100,NVDA
2025-05-30,138.72,139.62,132.92,135.13,135.12,333170900,NVDA
2025-05-29,142.25,143.49,137.91,139.19,139.18,369241900,NVDA
2025-05-28,136.03,137.25,134.79,134.81,134.8,304021100,NVDA
2025-05-27,134.15,135.66,133.31,135.5,135.49,192953600,NVDA
2025-05-23,130.0,132.68,129.16,131.29,131.28,198821300,NVDA
2025-05-22,132.23,134.25,131.55,132.83,132.82,187344000,NVDA
2025-05-21,133.06,137.4,130.59,131.8,131.79,270608700,NVDA
2025-05-20,134.29,134.58,132.62,134.38,134.37,161514200,NVDA
2025-05-19,132.39,135.87,132.39,135.57,135.56,193154600,NVDA
2025-05-16,136.22,136.35,133.46,135.4,135.39,226542500,NVDA
2025-05-15,134.29,136.3,132.66,134.83,134.82,226632600,NVDA
2025-05-14,133.2,135.44,131.68,135.34,135.33,281180800,NVDA
2025-05-13,124.98,131.22,124.47,129.93,129.92,330430100,NVDA
2025-05-12,121.97,123.0,120.28,123.0,122.99,225023300,NVDA
2025-05-09,117.35,118.23,115.21,116.65,116.64,132972200,NVDA
2025-05-08,118.25,118.68,115.85,117.37,117.36,198428100,NVDA
2025-05-07,113.05,117.68,112.28,117.06,117.05,206758800,NVDA
2025-05-06,111.48,114.74,110.82,113.54,113.53,158525600,NVDA
2025-05-05,112.91,114.67,112.66,113.82,113.81,133163200,NVDA
2025-05-02,114.18,115.4,113.37,114.5,114.49,190194800,NVDA
2025-05-01,113.08,114.94,111.3,111.61,111.6,236121500,NVDA
2025-04-30,104.47,108.92,104.08,108.92,108.91,235044600,NVDA
2025-04-29,107.67,110.2,107.44,109.02,109.01,170444300,NVDA
2025-04-28,109.69,110.37,106.02,108.73,108.72,207708500,NVDA
2025-04-25,106.85,111.92,105.73,111.01,111.0,251064700,NVDA
2025-04-24,103.48,106.54,103.11,106.43,106.42,220815000,NVDA
2025-04-23,104.52,104.8,102.02,102.71,102.7,247526000,NVDA
2025-04-22,98.78,99.81,97.28,98.89,98.88,241004800,NVDA
2025-04-21,98.77,99.44,95.04,96.91,96.9,288501100,NVDA
2025-04-17,104.45,104.47,100.05,101.49,101.48,292517500,NVDA
2025-04-16,104.55,106.79,100.45,104.49,104.48,397016900,NVDA
2025-04-15,110.97,113.62,110.5,112.2,112.19,228966900,NVDA
2025-04-14,114.11,114.29,109.07,110.71,110.7,264705000,NVDA
2025-04-11,108.5,111.55,107.48,110.93,110.92,313417300,NVDA
2025-04-10,109.37,110.86,99.15,107.57,107.56,437812400,NVDA
2025-04-09,98.89,115.1,97.53,114.33,114.32,612918300,NVDA
2025-04-08,103.81,105.85,94.46,96.3,96.29,476243400,NVDA
2025-04-07,87.46,101.75,86.62,97.64,97.63,611041300,NVDA
2025-04-04,98.91,100.13,92.11,94.31,94.3,532273800,NVDA
2025-04-03,103.51,105.63,101.6,101.8,101.79,338769400,NVDA
2025-04-02,107.29,111.98,106.79,110.42,110.41,220601200,NVDA
2025-04-01,108.52,110.2,106.47,110.15,110.14,222614000,NVDA
2025-03-31,105.13,110.96,103.65,108.38,108.37,299212700,NVDA
2025-03-28,111.49,112.87,109.07,109.67,109.66,229872500,NVDA
2025-03-27,111.35,114.45,110.66,111.43,111.42,236902100,NVDA
2025-03-26,118.73,118.84,112.71,113.76,113.75,293463300,NVDA
2025-03-25,120.55,121.29,118.92,120.69,120.68,167447200,NVDA
2025-03-24,119.88,122.22,119.34,121.41,121.4,228452500,NVDA
2025-03-21,116.94,117.99,115.42,117.7,117.69,266498500,NVDA
2025-03-20,116.55,120.2,116.47,118.53,118.52,248829700,NVDA
2025-03-19,117.27,120.45,115.68,117.52,117.51,273426200,NVDA
2025-03-18,118.0,119.02,114.54,115.43,115.42,299686900,NVDA
2025-03-17,122.74,122.89,118.03,119.53,119.52,255501500,NVDA
2025-03-14,118.61,121.88,118.15,121.67,121.66,277593500,NVDA
2025-03-13,117.03,117.76,113.79,115.58,115.57,299033100,NVDA
2025-03-12,114.12,116.76,112.88,115.74,115.73,323857500,NVDA
2025-03-11,106.99,112.24,104.77,108.76,108.74,354865700,NVDA
2025-03-10,109.9,111.85,105.46,106.98,106.96,366487400,NVDA
2025-03-07,111.25,113.48,107.56,112.69,112.67,341755500,NVDA
2025-03-06,113.53,115.35,110.22,110.57,110.55,321181900,NVDA
2025-03-05,117.58,118.28,114.51,117.3,117.28,284337900,NVDA
2025-03-04,110.65,119.31,110.11,115.99,115.97,398163300,NVDA
2025-03-03,123.51,123.7,112.28,114.06,114.04,411381400,NVDA
2025-02-28,118.02,125.09,116.4,124.92,124.9,389091100,NVDA
2025-02-27,135.0,135.01,120.01,120.15,120.13,443175800,NVDA
2025-02-26,129.99,133.73,128.49,131.28,131.26,322553800,NVDA
2025-02-25,129.98,130.2,124.44,126.63,126.61,271428700,NVDA
2025-02-24,136.56,138.59,130.08,130.28,130.26,251381100,NVDA
2025-02-21,140.04,141.46,134.03,134.43,134.41,228217600,NVDA
2025-02-20,140.03,140.66,136.79,140.11,140.09,143903600,NVDA
2025-02-19,139.51,141.36,137.22,139.23,139.21,167536000,NVDA
2025-02-18,141.27,143.44,137.93,139.4,139.38,219176600,NVDA
2025-02-14,136.48,139.25,135.5,138.85,138.83,195479600,NVDA
2025-02-13,131.56,136.5,131.17,135.29,135.27,197430000,NVDA
2025-02-12,130.02,132.24,129.08,131.14,131.12,160278600,NVDA
2025-02-11,132.58,134.48,131.02,132.8,132.78,178902400,NVDA
2025-02-10,130.09,135.0,129.96,133.57,133.55,216989100,NVDA
2025-02-07,129.22,130.37,125.0,129.84,129.82,228186300,NVDA
2025-02-06,127.42,128.77,125.21,128.68,128.66,251483600,NVDA
2025-02-05,121.76,125.0,120.76,124.83,124.81,262230800,NVDA
2025-02-04,116.96,121.2,116.7,118.65,118.63,256550000,NVDA
2025-02-03,114.75,118.57,113.01,116.66,116.64,371235700,NVDA
2025-01-31,123.78,127.85,119.19,120.07,120.05,388161100,NVDA
2025-01-30,123.1,125.0,118.1,124.65,124.63,392925500,NVDA
2025-01-29,126.5,126.89,120.05,123.7,123.68,467120600,NVDA
2025-01-28,121.81,129.0,116.25,128.99,128.97,579666400,NVDA
2025-01-27,124.8,128.4,116.7,118.42,118.4,818830900,NVDA
2025-01-24,148.37,148.97,141.88,142.62,142.6,234657600,NVDA
2025-01-23,145.05,147.23,143.72,147.22,147.2,155915500,NVDA
2025-01-22,144.66,147.79,143.67,147.07,147.05,237651400,NVDA
2025-01-21,139.16,141.83,137.09,140.83,140.81,197749000,NVDA
2025-01-17,136.69,138.5,135.46,137.71,137.69,201188800,NVDA
2025-01-16,138.64,138.75,133.49,133.57,133.55,209235600,NVDA
2025-01-15,133.65,136.45,131.29,136.24,136.22,185217300,NVDA
2025-01-14,136.05,136.38,130.05,131.76,131.74,195590500,NVDA
2025-01-13,129.99,133.49,129.51,133.23,133.21,204808900,NVDA
2025-01-10,137.45,139.92,134.22,135.91,135.89,207602500,NVDA
2025-01-08,142.58,143.95,137.56,140.11,140.09,227349900,NVDA
2025-01-07,153.03,153.13,140.01,140.14,140.12,351782200,NVDA
2025-01-06,148.59,152.16,147.82,149.43,149.41,265377400,NVDA
2025-01-03,140.01,144.9,139.73,144.47,144.45,229322500,NVDA
2025-01-02,136.0,138.88,134.63,138.31,138.29,198247200,NVDA
2024-12-31,138.03,138.07,133.83,134.29,134.27,155659200,NVDA
2024-12-30,134.83,140.27,134.02,137.49,137.47,167734700,NVDA
2024-12-27,138.55,139.02,134.71,137.01,136.99,170582600,NVDA
2024-12-26,139.7,140.85,137.73,139.93,139.91,116205600,NVDA
2024-12-24,140.0,141.9,138.65,140.22,140.2,105157000,NVDA
2024-12-23,136.28,139.79,135.12,139.67,139.65,176053500,NVDA
2024-12-20,129.81,135.28,128.22,134.7,134.68,306528600,NVDA
2024-12-19,131.76,134.03,129.55,130.68,130.66,209719200,NVDA
2024-12-18,133.86,136.7,128.28,128.91,128.89,277444500,NVDA
2024-12-17,129.09,131.59,126.86,130.39,130.37,259410300,NVDA
2024-12-16,134.18,134.4,130.42,132.0,131.98,237951100,NVDA
2024-12-13,138.94,139.6,132.54,134.25,134.23,231514900,NVDA
2024-12-12,137.08,138.44,135.8,137.34,137.32,159211400,NVDA
2024-12-11,137.36,140.17,135.21,139.31,139.29,184905200,NVDA
2024-12-10,139.01,141.82,133.79,135.07,135.05,210020900,NVDA
2024-12-09,138.97,139.95,137.13,138.81,138.79,189308600,NVDA
2024-12-06,144.6,145.7,141.31,142.44,142.42,188505600,NVDA
2024-12-05,145.11,146.54,143.95,145.06,145.04,172621200,NVDA
2024-12-04,142.0,145.79,140.29,145.14,145.11,231224300,NVDA
2024-12-03,138.26,140.54,137.95,140.26,140.23,164414000,NVDA
2024-12-02,138.83,140.45,137.82,138.63,138.6,171682800,NVDA
2024-11-29,136.78,139.35,136.05,138.25,138.22,141863200,NVDA
2024-11-27,135.01,137.22,131.8,135.34,135.31,226370900,NVDA
2024-11-26,137.7,139.3,135.67,136.92,136.89,190287700,NVDA
2024-11-25,141.99,142.05,135.82,136.02,135.99,344941900,NVDA
2024-11-22,145.93,147.16,141.1,141.95,141.92,236406200,NVDA
2024-11-21,149.35,152.89,140.7,146.67,146.64,400946600,NVDA
2024-11-20,147.41,147.56,142.73,145.89,145.86,309871700,NVDA
2024-11-19,141.32,147.13,140.99,147.01,146.98,227834900,NVDA
2024-11-18,139.5,141.55,137.15,140.15,140.12,221205300,NVDA
2024-11-15,144.87,145.24,140.08,141.98,141.95,250132900,NVDA
2024-11-14,147.64,149.0,145.55,146.76,146.73,194463300,NVDA
2024-11-13,149.07,149.33,145.9,146.27,146.24,191903300,NVDA
2024-11-12,146.78,149.65,146.01,148.29,148.26,198634700,NVDA
2024-11-11,148.68,148.85,143.57,145.26,145.23,182325600,NVDA
2024-11-08,148.77,149.77,146.26,147.63,147.6,175665800,NVDA
2024-11-07,146.39,148.93,146.17,148.88,148.85,207323300,NVDA
2024-11-06,142.96,146.49,141.96,145.61,145.58,242043900,NVDA
2024-11-05,137.45,140.37,137.33,139.91,139.88,160537400,NVDA
2024-11-04,137.21,138.96,135.57,136.05,136.02,187528200,NVDA
2024-11-01,134.7,137.31,134.57,135.4,135.37,207127800,NVDA
2024-10-31,137.6,137.61,132.11,132.76,132.73,270039600,NVDA
2024-10-30,139.54,140.33,136.81,139.34,139.31,179418100,NVDA
2024-10-29,140.29,142.26,138.9,141.25,141.22,157593600,NVDA
2024-10-28,143.0,143.14,140.05,140.52,140.49,173586700,NVDA
2024-10-25,140.93,144.13,140.8,141.54,141.51,205122100,NVDA
2024-10-24,140.82,141.35,138.46,140.41,140.38,172354900,NVDA
2024-10-23,142.03,142.43,137.46,139.56,139.53,285930000,NVDA
2024-10-22,142.91,144.42,141.78,143.59,143.56,226311600,NVDA
2024-10-21,138.13,143.71,138.0,143.71,143.68,264554500,NVDA
2024-10-18,138.67,138.9,137.28,138.0,137.97,176090200,NVDA
2024-10-17,139.34,140.89,136.87,136.93,136.9,306435900,NVDA
2024-10-16,133.98,136.62,131.58,135.72,135.69,264879700,NVDA
2024-10-15,137.87,138.57,128.74,131.6,131.57,377831000,NVDA
2024-10-14,136.47,139.6,136.3,138.07,138.04,232347700,NVDA
2024-10-11,134.01,135.78,133.66,134.8,134.77,170209500,NVDA
2024-10-10,131.91,135.0,131.0,134.81,134.78,242311300,NVDA
2024-10-09,134.11,134.52,131.38,132.65,132.62,246191600,NVDA
2024-10-08,130.26,133.48,129.42,132.89,132.86,285722500,NVDA
2024-10-07,124.99,130.64,124.95,127.72,127.69,346250200,NVDA
2024-10-04,124.94,125.04,121.83,124.92,124.89,243678100,NVDA
2024-10-03,120.92,124.36,120.34,122.85,122.82,277118000,NVDA
2024-10-02,116.44,119.38,115.14,118.85,118.82,221845900,NVDA
2024-10-01,121.77,122.44,115.79,117.0,116.97,302094500,NVDA
2024-09-30,118.31,121.5,118.15,121.44,121.41,226553700,NVDA
2024-09-27,123.97,124.03,119.26,121.4,121.37,271009200,NVDA
2024-09-26,126.8,127.67,121.8,124.04,124.01,302582900,NVDA
2024-09-25,122.02,124.94,121.61,123.51,123.48,284692900,NVDA
2024-09-24,116.52,121.8,115.38,120.87,120.84,354966800,NVDA
2024-09-23,116.55,116.99,114.86,116.26,116.23,206228500,NVDA
2024-09-20,117.06,118.62,115.39,116.0,115.97,382462400,NVDA
2024-09-19,117.35,119.66,117.25,117.87,117.84,293506400,NVDA
2024-09-18,115.89,117.7,113.22,113.37,113.34,310318900,NVDA
2024-09-17,118.17,118.8,114.83,115.59,115.56,231925900,NVDA
2024-09-16,116.79,118.18,114.36,116.78,116.75,248772300,NVDA
2024-09-13,119.08,119.96,117.6,119.1,119.07,238358300,NVDA
2024-09-12,116.84,120.79,115.38,119.14,119.11,366052700,NVDA
2024-09-11,109.39,117.19,107.42,116.91,116.87,441422400,NVDA
2024-09-10,107.81,109.4,104.95,108.1,108.07,268283700,NVDA
2024-09-09,104.88,106.55,103.69,106.47,106.44,273912000,NVDA
2024-09-06,108.04,108.15,100.95,102.83,102.8,413638100,NVDA
2024-09-05,104.99,109.65,104.76,107.21,107.18,306850700,NVDA
2024-09-04,105.41,113.27,104.12,106.21,106.18,372470300,NVDA
2024-09-03,116.01,116.21,107.29,108.0,107.97,477155100,NVDA
2024-08-30,119.53,121.75,117.22,119.37,119.33,333751600,NVDA
2024-08-29,121.36,124.43,116.71,117.59,117.55,453023300,NVDA
2024-08-28,128.12,128.33,122.64,125.61,125.57,448101100,NVDA
2024-08-27,125.05,129.2,123.88,128.3,128.26,303134600,NVDA
2024-08-26,129.57,131.26,124.37,126.46,126.42,331964700,NVDA
2024-08-23,125.86,129.6,125.22,129.37,129.33,323230300,NVDA
2024-08-22,130.02,130.75,123.1,123.74,123.7,376189100,NVDA
2024-08-21,127.32,129.35,126.66,128.5,128.46,257883600,NVDA
2024-08-20,128.4,129.88,125.89,127.25,127.21,300087400,NVDA
2024-08-19,124.28,130.0,123.42,130.0,129.96,318333600,NVDA
2024-08-16,121.94,125.0,121.18,124.58,124.54,302589900,NVDA
2024-08-15,118.76,123.24,117.47,122.86,122.82,318086700,NVDA
2024-08-14,118.53,118.6,114.07,118.08,118.04,339246400,NVDA
2024-08-13,112.44,116.23,111.58,116.14,116.1,312646700,NVDA
2024-08-12,106.32,111.07,106.26,109.02,108.99,325559900,NVDA
2024-08-09,105.64,106.6,103.43,104.75,104.72,290844200,NVDA
2024-08-08,102.0,105.5,97.52,104.97,104.94,391910000,NVDA
2024-08-07,107.81,108.8,98.69,98.91,98.88,411440400,NVDA
2024-08-06,103.84,107.71,100.55,104.25,104.22,409012100,NVDA
2024-08-05,92.06,103.41,90.69,100.45,100.42,552842400,NVDA
2024-08-02,103.76,108.72,101.37,107.27,107.24,482027500,NVDA
2024-08-01,117.53,120.16,106.81,109.21,109.18,523462300,NVDA
2024-07-31,112.9,118.34,110.88,117.02,116.98,473174200,NVDA
2024-07-30,111.52,111.99,102.54,103.73,103.7,486833300,NVDA
2024-07-29,113.69,116.28,111.3,111.59,111.55,248152100,NVDA
2024-07-26,116.19,116.2,111.58,113.06,113.02,293399100,NVDA
2024-07-25,113.04,116.63,106.3,112.28,112.24,460067000,NVDA
2024-07-24,119.17,119.95,113.44,114.25,114.21,327776900,NVDA
2024-07-23,122.78,124.69,122.1,122.59,122.55,173911000,NVDA
2024-07-22,120.35,124.07,119.86,123.54,123.5,258068900,NVDA
2024-07-19,120.35,121.6,117.37,117.93,117.89,217223800,NVDA
2024-07-18,121.85,122.4,116.56,121.09,121.05,320979500,NVDA
2024-07-17,121.35,121.85,116.72,117.99,117.95,390086200,NVDA
2024-07-16,128.44,129.04,124.58,126.36,126.32,214769500,NVDA
2024-07-15,130.56,131.39,127.18,128.44,128.4,208326200,NVDA
2024-07-12,128.26,131.92,127.22,129.24,129.2,252680500,NVDA
2024-07-11,135.75,136.15,127.05,127.4,127.36,374782700,NVDA
2024-07-10,134.03,135.1,132.42,134.91,134.87,248978600,NVDA
2024-07-09,130.35,133.82,128.65,131.38,131.34,285366600,NVDA
2024-07-08,127.49,130.77,127.04,128.2,128.16,237677300,NVDA
2024-07-05,127.38,128.85,125.68,125.83,125.79,214176700,NVDA
2024-07-03,121.66,128.28,121.36,128.28,128.24,215749000,NVDA
2024-07-02,121.13,123.41,121.03,122.67,122.63,218374000,NVDA
2024-07-01,123.47,124.84,118.83,124.3,124.26,284885500,NVDA
2024-06-28,124.58,127.71,122.75,123.54,123.5,315516700,NVDA
2024-06-27,124.1,126.41,122.92,123.99,123.95,252571700,NVDA
2024-06-26,126.13,128.12,122.6,126.4,126.36,362975900,NVDA
2024-06-25,121.2,126.5,119.32,126.09,126.05,414192600,NVDA
2024-06-24,123.24,124.46,118.04,118.11,118.07,476060900,NVDA
2024-06-21,127.12,130.63,124.3,126.57,126.53,649445800,NVDA
2024-06-20,139.8,140.76,129.52,130.78,130.74,517768400,NVDA
2024-06-18,131.14,136.33,130.69,135.58,135.54,294335100,NVDA
2024-06-17,132.99,133.73,129.58,130.98,130.94,288504400,NVDA
2024-06-14,129.96,132.84,128.32,131.88,131.84,309320400,NVDA
2024-06-13,129.39,129.8,127.16,129.61,129.57,260704500,NVDA
2024-06-12,123.06,126.88,122.57,125.2,125.16,299595000,NVDA
2024-06-11,121.77,122.87,118.74,120.91,120.87,222551200,NVDA
2024-06-10,120.37,123.1,117.01,121.79,121.74,313434100,NVDA
2024-06-07,119.77,121.69,118.02,120.89,120.84,412386000,NVDA
2024-06-06,124.05,125.59,118.32,121.0,120.95,664696000,NVDA
2024-06-05,118.37,122.45,117.47,122.44,122.39,528402000,NVDA
2024-06-04,115.72,116.6,114.04,116.44,116.39,403324000,NVDA
2024-06-03,113.62,115.0,112.0,115.0,114.95,438392000,NVDA
2024-05-31,112.52,112.72,106.94,109.63,109.59,613263000,NVDA
2024-05-30,114.65,115.82,109.66,110.5,110.46,484553000,NVDA
2024-05-29,113.05,115.49,110.9,114.82,114.78,557442000,NVDA
2024-05-28,110.24,114.94,109.88,113.9,113.86,652728000,NVDA
2024-05-24,104.45,106.47,103.0,106.47,106.43,429494000,NVDA
2024-05-23,102.03,106.32,101.52,103.8,103.76,835065000,NVDA
2024-05-22,95.46,96.02,93.25,94.95,94.91,548648000,NVDA
2024-05-21,93.6,95.4,93.18,95.39,95.35,328946000,NVDA
2024-05-20,93.75,95.2,93.44,94.78,94.74,318764000,NVDA
2024-05-17,94.37,94.74,91.81,92.48,92.44,359691000,NVDA
2024-05-16,94.91,95.82,94.1,94.36,94.32,323952000,NVDA
2024-05-15,92.47,94.86,91.6,94.63,94.59,417735000,NVDA
2024-05-14,89.6,91.65,88.93,91.36,91.32,296507000,NVDA
2024-05-13,90.48,91.0,88.53,90.4,90.36,289680000,NVDA
2024-05-10,90.31,91.4,89.23,89.88,89.84,335325000,NVDA
2024-05-09,90.53,91.07,88.23,88.75,88.71,378013000,NVDA
2024-05-08,89.48,91.19,89.42,90.41,90.38,325721000,NVDA
2024-05-07,91.1,91.78,89.01,90.55,90.52,437342000,NVDA
2024-05-06,89.39,92.22,89.06,92.14,92.1,376203000,NVDA
2024-05-03,87.79,89.28,87.04,88.79,88.75,398341000,NVDA
2024-05-02,84.45,86.24,83.2,85.82,85.78,377898000,NVDA
2024-05-01,85.08,86.0,81.25,83.04,83.01,559863000,NVDA
2024-04-30,87.24,88.82,86.3,86.4,86.37,363709000,NVDA
2024-04-29,87.6,87.99,85.27,87.76,87.72,388971000,NVDA
2024-04-26,83.82,88.33,83.39,87.74,87.7,551011000,NVDA
2024-04-25,78.87,83.32,78.22,82.63,82.6,424641000,NVDA
2024-04-24,83.95,84.08,79.18,79.68,79.65,512208000,NVDA
2024-04-23,80.77,82.77,80.26,82.42,82.39,438559000,NVDA
2024-04-22,78.1,80.07,76.4,79.52,79.49,596341000,NVDA
2024-04-19,83.15,84.32,75.61,76.2,76.17,875198000,NVDA
2024-04-18,84.97,86.19,82.4,84.67,84.64,447260000,NVDA
2024-04-17,88.34,88.78,83.95,84.04,84.0,495400000,NVDA
2024-04-16,86.43,88.12,86.06,87.42,87.38,370453000,NVDA
2024-04-15,89.1,90.61,85.93,86.0,85.97,443077000,NVDA
2024-04-12,89.7,90.18,87.53,88.19,88.15,426805000,NVDA
2024-04-11,87.42,90.74,86.93,90.62,90.58,431637000,NVDA
2024-04-10,83.93,87.4,83.71,87.04,87.0,431929000,NVDA
2024-04-09,87.44,87.64,83.02,85.35,85.32,501700000,NVDA
2024-04-08,88.7,88.83,86.73,87.13,87.1,283220000,NVDA
2024-04-05,86.87,88.48,85.93,88.01,87.97,399678000,NVDA
2024-04-04,90.41,90.63,85.88,85.9,85.87,434965000,NVDA
2024-04-03,88.48,90.37,88.4,88.96,88.93,370067000,NVDA
2024-04-02,88.45,90.09,87.62,89.45,89.42,433064000,NVDA
2024-04-01,90.3,92.22,89.2,90.36,90.33,452441000,NVDA
2024-03-28,90.0,91.3,89.19,90.36,90.32,435212000,NVDA
2024-03-27,93.11,93.24,89.12,90.25,90.21,586067000,NVDA
2024-03-26,95.85,96.38,92.5,92.56,92.52,513648000,NVDA
2024-03-25,93.94,96.77,93.51,95.0,94.96,552136000,NVDA
2024-03-22,91.14,94.78,90.83,94.29,94.25,586719000,NVDA
2024-03-21,92.3,92.65,90.4,91.43,91.4,480372000,NVDA
2024-03-20,89.8,90.41,88.22,90.37,90.34,479063000,NVDA
2024-03-19,86.7,90.54,85.01,89.4,89.36,672171000,NVDA
2024-03-18,90.39,92.4,87.08,88.46,88.42,668976000,NVDA
2024-03-15,86.93,89.55,86.26,87.84,87.8,642086000,NVDA
2024-03-14,89.58,90.65,86.6,87.94,87.91,602318000,NVDA
2024-03-13,91.06,91.5,88.43,90.89,90.85,635713000,NVDA
2024-03-12,88.05,91.96,86.15,91.91,91.88,668075000,NVDA
2024-03-11,86.43,88.8,84.17,85.77,85.74,678364000,NVDA
2024-03-08,95.14,97.4,86.51,87.53,87.49,1142269000,NVDA
2024-03-07,90.16,92.77,89.6,92.67,92.63,608119000,NVDA
2024-03-06,88.02,89.72,87.03,88.7,88.66,582520000,NVDA
2024-03-05,85.27,86.1,83.42,85.96,85.93,520639000,NVDA
2024-03-04,84.13,87.69,83.72,85.24,85.2,615616000,NVDA
2024-03-01,80.0,82.3,79.43,82.28,82.24,479135000,NVDA
2024-02-29,79.09,79.99,78.35,79.11,79.08,507289000,NVDA
2024-02-28,77.62,78.93,77.13,77.66,77.63,393110000,NVDA
2024-02-27,79.38,79.48,77.16,78.7,78.67,391705000,NVDA
2024-02-26,79.7,80.65,78.5,79.09,79.06,503973000,NVDA
2024-02-23,80.79,82.39,77.57,78.82,78.78,829388000,NVDA
2024-02-22,75.03,78.57,74.22,78.54,78.5,865100000,NVDA
2024-02-21,68.01,68.89,66.25,67.47,67.44,673755000,NVDA
2024-02-20,71.95,71.96,67.73,69.45,69.42,704833000,NVDA
2024-02-16,74.1,74.4,72.5,72.61,72.58,495327000,NVDA
2024-02-15,73.87,73.97,72.4,72.66,72.63,420122000,NVDA
2024-02-14,73.2,74.24,71.94,73.9,73.87,504917000,NVDA
2024-02-13,70.4,73.45,69.62,72.13,72.1,602580000,NVDA
2024-02-12,72.6,74.61,71.25,72.25,72.22,613710000,NVDA
2024-02-09,70.53,72.18,70.21,72.13,72.1,436637000,NVDA
2024-02-08,70.07,70.79,69.46,69.64,69.61,414422000,NVDA
2024-02-07,68.32,70.22,67.6,70.1,70.07,495575000,NVDA
2024-02-06,69.63,69.75,66.3,68.22,68.19,683111000,NVDA
2024-02-05,68.22,69.5,67.21,69.33,69.3,680078000,NVDA
2024-02-02,63.97,66.6,63.69,66.16,66.13,476578000,NVDA
2024-02-01,62.1,63.19,61.65,63.03,63.0,369146000,NVDA
2024-01-31,61.44,62.27,60.7,61.53,61.5,453795000,NVDA
2024-01-30,62.9,63.49,62.26,62.77,62.75,410735000,NVDA
2024-01-29,61.23,62.49,60.91,62.47,62.44,348733000,NVDA
2024-01-26,60.96,61.78,60.57,61.03,61.0,390309000,NVDA
2024-01-25,62.35,62.72,60.85,61.62,61.59,482777000,NVDA
2024-01-24,60.3,62.85,59.94,61.36,61.33,560271000,NVDA
2024-01-23,59.57,59.91,58.58,59.87,59.85,294654000,NVDA
2024-01-22,60.05,60.33,59.07,59.65,59.63,452955000,NVDA
2024-01-19,57.99,59.5,57.22,59.49,59.46,543501000,NVDA
2024-01-18,57.26,57.6,56.11,57.11,57.08,491650000,NVDA
2024-01-17,56.35,56.47,54.74,56.05,56.03,474394000,NVDA
2024-01-16,55.02,56.83,54.9,56.38,56.36,449580000,NVDA
2024-01-12,54.62,54.97,54.33,54.71,54.69,352994000,NVDA
2024-01-11,55.0,55.35,53.56,54.82,54.8,596759000,NVDA
2024-01-10,53.62,54.6,53.49,54.35,54.33,533796000,NVDA
2024-01-09,52.4,54.33,51.69,53.14,53.12,773100000,NVDA
2024-01-08,49.51,52.28,49.48,52.25,52.23,642510000,NVDA
2024-01-05,48.46,49.55,48.31,49.1,49.08,415039000,NVDA
2024-01-04,47.77,48.5,47.51,48.0,47.98,306535000,NVDA
2024-01-03,47.49,48.18,47.32,47.57,47.55,320896000,NVDA
2024-01-02,49.24,49.29,47.6,48.17,48.15,411254000,NVDA
2023-12-29,49.81,50.0,48.75,49.52,49.5,389293000,NVDA
2023-12-28,49.64,49.88,49.41,49.52,49.5,246587000,NVDA
2023-12-27,49.51,49.68,49.08,49.42,49.4,233648000,NVDA
2023-12-26,48.97,49.6,48.96,49.28,49.26,244200000,NVDA
2023-12-22,49.19,49.38,48.47,48.83,48.81,252507000,NVDA
2023-12-21,48.81,49.1,48.42,48.99,48.97,300425000,NVDA
2023-12-20,49.65,50.0,48.1,48.11,48.09,397894000,NVDA
2023-12-19,49.42,49.7,48.9,49.6,49.58,464444000,NVDA
2023-12-18,49.4,50.43,49.15,50.08,50.05,412587000,NVDA
2023-12-15,48.19,49.4,48.12,48.89,48.87,479948000,NVDA
2023-12-14,48.39,48.67,47.42,48.35,48.33,391232000,NVDA
2023-12-13,47.63,48.59,47.61,48.09,48.07,447792000,NVDA
2023-12-12,46.05,47.67,46.05,47.66,47.64,372387000,NVDA
2023-12-11,47.49,47.53,45.83,46.63,46.61,509728000,NVDA
2023-12-08,46.6,47.74,46.55,47.51,47.48,359224000,NVDA
2023-12-07,45.7,46.63,45.6,46.6,46.58,350823000,NVDA
2023-12-06,47.22,47.39,45.41,45.5,45.48,380590000,NVDA
2023-12-05,45.47,46.6,45.27,46.57,46.55,371718000,NVDA
2023-12-04,46.08,46.08,45.01,45.51,45.49,437543000,NVDA
2023-12-01,46.53,47.2,46.19,46.76,46.74,369317000,NVDA
2023-11-30,48.02,48.11,46.42,46.77,46.75,526247000,NVDA
2023-11-29,48.38,48.76,47.86,48.14,48.11,382005000,NVDA
2023-11-28,48.24,48.32,47.47,47.82,47.8,401491000,NVDA
2023-11-27,47.8,48.53,47.65,48.24,48.22,395662000,NVDA
2023-11-24,48.47,48.92,47.74,47.78,47.75,294645000,NVDA
2023-11-22,49.85,50.33,47.69,48.72,48.69,899420000,NVDA
2023-11-21,50.13,50.52,49.22,49.94,49.92,565747000,NVDA
2023-11-20,49.31,50.55,49.18,50.41,50.38,414120000,NVDA
2023-11-17,49.52,49.72,49.01,49.3,49.27,325205000,NVDA
2023-11-16,48.68,49.53,48.33,49.48,49.45,339756000,NVDA
2023-11-15,49.94,49.96,48.2,48.89,48.86,475497000,NVDA
2023-11-14,49.68,49.83,49.04,49.66,49.63,416954000,NVDA
2023-11-13,48.32,49.12,48.1,48.62,48.59,384136000,NVDA
2023-11-10,47.5,48.47,47.28,48.33,48.31,421245000,NVDA
2023-11-09,47.47,48.23,46.75,46.95,46.92,540496000,NVDA
2023-11-08,46.1,46.87,45.97,46.57,46.55,346719000,NVDA
2023-11-07,45.72,46.22,45.16,45.96,45.93,343165000,NVDA
2023-11-06,45.28,45.94,44.9,45.75,45.73,400733000,NVDA
2023-11-03,44.02,45.31,43.72,45.01,44.98,424610000,NVDA
2023-11-02,43.33,43.88,42.89,43.51,43.48,409172000,NVDA
2023-11-01,40.88,42.38,40.87,42.33,42.3,437593000,NVDA
2023-10-31,40.45,40.88,39.23,40.78,40.76,517969000,NVDA
2023-10-30,41.09,41.77,40.48,41.16,41.14,388028000,NVDA
2023-10-27,41.13,41.21,40.01,40.5,40.48,416784000,NVDA
2023-10-26,41.85,42.26,39.88,40.33,40.3,541001000,NVDA
2023-10-25,43.4,43.65,41.56,41.78,41.76,398379000,NVDA
2023-10-24,43.08,43.7,42.69,43.66,43.64,401463000,NVDA
2023-10-23,41.23,43.25,40.94,42.97,42.95,478530000,NVDA
2023-10-20,41.89,42.47,41.08,41.39,41.36,477266000,NVDA
2023-10-19,42.81,43.3,41.88,42.1,42.08,501233000,NVDA
2023-10-18,42.59,43.22,41.83,42.2,42.17,627294000,NVDA
2023-10-17,44.0,44.75,42.48,43.94,43.91,812333000,NVDA
2023-10-16,45.06,46.22,44.91,46.1,46.07,375099000,NVDA
2023-10-13,46.96,47.12,45.28,45.46,45.44,474115000,NVDA
2023-10-12,46.78,47.61,46.33,46.94,46.92,481325000,NVDA
2023-10-11,46.2,46.86,46.05,46.81,46.78,378137000,NVDA
2023-10-10,45.31,46.26,45.09,45.8,45.77,368582000,NVDA
2023-10-09,44.84,45.6,44.37,45.27,45.25,409675000,NVDA
2023-10-06,44.19,45.79,44.03,45.76,45.74,434436000,NVDA
2023-10-05,44.05,44.9,43.89,44.69,44.66,393483000,NVDA
2023-10-04,43.74,44.14,43.29,44.04,44.02,361821000,NVDA
2023-10-03,44.81,45.13,43.25,43.52,43.49,470850000,NVDA
2023-10-02,44.03,45.17,43.86,44.78,44.76,433298000,NVDA
2023-09-29,43.83,44.14,43.31,43.5,43.48,397830000,NVDA
2023-09-28,42.46,43.45,42.12,43.09,43.07,424663000,NVDA
2023-09-27,42.33,42.87,41.63,42.47,42.45,444935000,NVDA
2023-09-26,42.0,42.82,41.65,41.91,41.89,402282000,NVDA
2023-09-25,41.59,42.54,41.18,42.22,42.2,419091000,NVDA
2023-09-22,41.57,42.12,41.23,41.61,41.59,479236000,NVDA
2023-09-21,41.58,42.1,40.98,41.02,41.0,450736000,NVDA
2023-09-20,43.6,43.9,42.22,42.24,42.22,367108000,NVDA
2023-09-19,43.83,43.97,43.0,43.52,43.5,373064000,NVDA
2023-09-18,42.75,44.24,42.0,43.97,43.94,500271000,NVDA
2023-09-15,45.34,45.6,43.81,43.9,43.88,506831000,NVDA
2023-09-14,45.95,45.99,45.13,45.58,45.56,370097000,NVDA
2023-09-13,44.6,45.93,44.5,45.49,45.46,398355000,NVDA
2023-09-12,44.74,45.67,44.53,44.87,44.85,349256000,NVDA
2023-09-11,46.15,46.16,44.31,45.18,45.15,473966000,NVDA
2023-09-08,45.94,46.61,45.27,45.57,45.55,473069000,NVDA
2023-09-07,45.53,46.34,45.15,46.24,46.22,433330000,NVDA
2023-09-06,48.44,48.55,46.58,47.06,47.04,468670000,NVDA
2023-09-05,48.22,48.85,47.86,48.55,48.52,382653000,NVDA
2023-09-01,49.76,49.8,48.14,48.51,48.48,463830000,NVDA
2023-08-31,49.38,49.74,48.96,49.35,49.32,528570000,NVDA
2023-08-30,49.04,49.93,48.42,49.26,49.23,735206000,NVDA
2023-08-29,46.67,49.08,46.39,48.78,48.75,701397000,NVDA
2023-08-28,46.48,46.98,44.89,46.83,46.81,685192000,NVDA
2023-08-25,47.01,47.81,45.02,46.02,45.99,925341000,NVDA
2023-08-24,50.22,50.27,47.16,47.16,47.13,1156044000,NVDA
2023-08-23,45.87,47.2,45.21,47.12,47.09,779046000,NVDA
2023-08-22,48.13,48.19,45.33,45.67,45.64,755293000,NVDA
2023-08-21,44.49,47.06,44.22,46.97,46.94,692573000,NVDA
2023-08-18,42.63,43.58,41.66,43.3,43.27,583768000,NVDA
2023-08-17,43.97,44.06,43.0,43.34,43.32,452395000,NVDA
2023-08-16,44.52,44.67,43.41,43.49,43.46,527451000,NVDA
2023-08-15,44.56,45.27,43.71,43.94,43.91,676512000,NVDA
2023-08-14,40.49,43.8,40.31,43.75,43.73,690286000,NVDA
2023-08-11,41.75,42.02,40.64,40.85,40.83,533085000,NVDA
2023-08-10,42.16,43.57,41.83,42.39,42.36,492705000,NVDA
2023-08-09,44.27,44.31,42.13,42.55,42.53,586449000,NVDA
2023-08-08,44.85,45.24,44.06,44.66,44.64,353843000,NVDA
2023-08-07,45.11,45.54,44.56,45.42,45.39,322154000,NVDA
2023-08-04,44.99,45.64,44.39,44.68,44.65,362666000,NVDA
2023-08-03,43.8,45.12,43.8,44.51,44.49,324176000,NVDA
2023-08-02,45.83,45.84,43.39,44.27,44.24,530142000,NVDA
2023-08-01,46.46,46.9,46.03,46.51,46.48,237858000,NVDA
2023-07-31,46.75,47.13,46.51,46.73,46.7,251055000,NVDA
2023-07-28,46.67,47.03,46.38,46.75,46.72,331194000,NVDA
2023-07-27,46.52,47.4,45.75,45.9,45.87,455976000,NVDA
2023-07-26,46.02,46.05,44.63,45.45,45.42,364237000,NVDA
2023-07-25,44.94,46.18,44.92,45.68,45.65,348081000,NVDA
2023-07-24,44.73,45.11,44.04,44.61,44.58,382516000,NVDA
2023-07-21,45.79,45.87,44.1,44.31,44.28,963769000,NVDA
2023-07-20,46.51,47.09,45.06,45.52,45.49,537865000,NVDA
2023-07-19,47.46,47.82,46.74,47.08,47.05,427502000,NVDA
2023-07-18,46.7,47.9,45.73,47.49,47.46,569164000,NVDA
2023-07-17,46.29,46.5,45.26,46.46,46.43,510488000,NVDA
2023-07-14,46.58,48.09,45.06,45.47,45.44,772075000,NVDA
2023-07-13,44.52,46.15,44.49,45.98,45.95,478204000,NVDA
2023-07-12,43.03,43.94,42.78,43.9,43.88,481277000,NVDA
2023-07-11,42.48,42.76,42.07,42.4,42.38,298244000,NVDA
2023-07-10,42.66,42.81,41.65,42.18,42.15,353908000,NVDA
2023-07-07,42.32,43.21,42.18,42.5,42.48,355881000,NVDA
2023-07-06,41.84,42.18,41.35,42.1,42.08,303582000,NVDA
2023-07-05,42.13,43.18,42.08,42.32,42.29,323618000,NVDA
2023-07-03,42.52,42.9,42.2,42.41,42.39,198209000,NVDA
2023-06-30,41.68,42.55,41.5,42.3,42.28,501148000,NVDA
2023-06-29,41.56,41.6,40.6,40.82,40.8,380514000,NVDA
2023-06-28,40.66,41.85,40.52,41.12,41.09,582639000,NVDA
2023-06-27,40.8,41.94,40.45,41.88,41.85,462175000,NVDA
2023-06-26,42.46,42.76,40.1,40.63,40.61,594322000,NVDA
2023-06-23,42.46,42.81,42.01,42.21,42.18,358140000,NVDA
2023-06-22,42.25,43.43,42.23,43.03,43.0,417737000,NVDA
2023-06-21,43.5,43.62,42.08,43.04,43.02,551603000,NVDA
2023-06-20,43.0,43.99,42.67,43.81,43.78,451153000,NVDA
2023-06-16,43.45,43.72,42.66,42.69,42.67,655709000,NVDA
2023-06-15,42.6,43.29,42.15,42.65,42.63,568622000,NVDA
2023-06-14,40.82,43.0,40.55,43.0,42.97,740465000,NVDA
2023-06-13,40.19,41.1,39.74,41.02,41.0,613208000,NVDA
2023-06-12,39.2,39.53,38.62,39.48,39.46,388701000,NVDA
2023-06-09,39.04,39.71,38.57,38.77,38.75,427717000,NVDA
2023-06-08,37.72,38.86,37.51,38.51,38.49,417772000,NVDA
2023-06-07,38.92,39.5,37.36,37.47,37.45,511998000,NVDA
2023-06-06,38.83,39.16,38.15,38.65,38.63,388729000,NVDA
2023-06-05,38.91,39.56,38.71,39.17,39.14,396094000,NVDA
2023-06-02,40.1,40.5,39.06,39.33,39.3,482731000,NVDA
2023-06-01,38.49,40.05,38.34,39.77,39.74,635873000,NVDA
2023-05-31,39.49,40.29,37.82,37.83,37.81,1002580000,NVDA
2023-05-30,40.6,41.94,39.95,40.11,40.08,923401000,NVDA
2023-05-26,37.89,39.17,37.55,38.95,38.92,714397000,NVDA
2023-05-25,38.52,39.48,36.63,37.98,37.95,1543911000,NVDA
2023-05-24,30.21,30.61,29.81,30.54,30.52,721419000,NVDA
2023-05-23,31.0,31.29,30.63,30.69,30.67,356253000,NVDA
2023-05-22,30.9,31.52,30.68,31.18,31.15,372000000,NVDA
2023-05-19,31.54,31.58,30.92,31.26,31.24,473908000,NVDA
2023-05-18,30.41,31.83,30.32,31.68,31.66,748725000,NVDA
2023-05-17,29.58,30.2,29.43,30.18,30.16,432535000,NVDA
2023-05-16,28.84,29.87,28.83,29.21,29.19,449405000,NVDA
2023-05-15,28.51,28.97,28.15,28.95,28.93,293926000,NVDA
2023-05-12,28.53,28.78,28.05,28.34,28.32,274222000,NVDA
2023-05-11,28.9,28.95,28.25,28.58,28.56,322149000,NVDA
2023-05-10,29.0,29.11,28.46,28.89,28.86,369350000,NVDA
2023-05-09,28.9,28.97,28.45,28.57,28.55,314869000,NVDA
2023-05-08,28.52,29.22,28.35,29.15,29.13,344979000,NVDA
2023-05-05,27.83,28.75,27.73,28.68,28.66,361494000,NVDA
2023-05-04,27.65,27.86,27.24,27.56,27.54,321850000,NVDA
2023-05-03,27.84,28.37,27.47,27.8,27.78,383387000,NVDA
2023-05-02,28.68,28.84,28.08,28.21,28.19,402730000,NVDA
2023-05-01,27.84,29.06,27.78,28.91,28.89,570329000,NVDA
2023-04-28,27.23,27.76,27.07,27.75,27.73,292216000,NVDA
2023-04-27,27.36,27.5,26.63,27.23,27.21,377161000,NVDA
2023-04-26,27.0,27.33,26.7,26.96,26.94,406337000,NVDA
2023-04-25,27.08,27.25,26.23,26.24,26.22,378527000,NVDA
2023-04-24,27.01,27.37,26.67,27.04,27.02,339282000,NVDA
2023-04-21,26.95,27.18,26.72,27.12,27.1,345103000,NVDA
2023-04-20,27.67,28.03,27.0,27.1,27.08,427713000,NVDA
2023-04-19,27.36,28.0,27.23,27.93,27.91,358660000,NVDA
2023-04-18,27.53,28.11,27.36,27.67,27.65,604812000,NVDA
2023-04-17,26.57,27.01,26.43,27.0,26.98,321471000,NVDA
2023-04-14,26.5,26.88,26.22,26.76,26.74,395660000,NVDA
2023-04-13,26.73,26.89,26.33,26.46,26.44,353615000,NVDA
2023-04-12,27.37,27.47,26.45,26.5,26.48,446259000,NVDA
2023-04-11,27.72,27.79,27.13,27.17,27.15,314378000,NVDA
2023-04-10,26.82,27.62,26.67,27.58,27.56,395279000,NVDA
2023-04-06,26.58,27.08,26.43,27.04,27.02,397654000,NVDA
2023-04-05,26.83,27.0,26.4,26.88,26.86,515015000,NVDA
2023-04-04,27.97,28.0,27.31,27.45,27.43,368592000,NVDA
2023-04-03,27.51,28.0,27.34,27.97,27.94,398716000,NVDA
2023-03-31,27.14,27.83,27.1,27.78,27.76,433933000,NVDA
2023-03-30,27.23,27.5,27.1,27.38,27.36,364516000,NVDA
2023-03-29,26.83,27.08,26.6,26.98,26.96,393694000,NVDA
2023-03-28,26.45,26.51,25.85,26.41,26.39,356104000,NVDA
2023-03-27,26.84,27.0,26.36,26.53,26.51,361026000,NVDA
2023-03-24,27.03,27.17,26.35,26.78,26.76,454920000,NVDA
2023-03-23,27.11,27.5,26.69,27.19,27.17,564889000,NVDA
2023-03-22,26.42,27.59,26.24,26.47,26.45,797295000,NVDA
2023-03-21,26.18,26.39,25.38,26.2,26.18,547408000,NVDA
2023-03-20,25.61,26.02,25.13,25.9,25.88,432747000,NVDA
2023-03-17,25.98,26.4,25.67,25.73,25.71,848547000,NVDA
2023-03-16,24.03,25.59,23.89,25.54,25.52,583253000,NVDA
2023-03-15,23.76,24.29,23.36,24.23,24.21,524486000,NVDA
2023-03-14,23.5,24.22,23.46,24.06,24.05,474910000,NVDA
2023-03-13,22.75,23.3,22.3,22.97,22.95,421890000,NVDA
2023-03-10,23.41,23.63,22.73,22.97,22.95,474866000,NVDA
2023-03-09,24.17,24.45,23.38,23.44,23.42,501257000,NVDA
2023-03-08,23.49,24.2,23.42,24.18,24.16,513573000,NVDA
2023-03-07,23.6,24.13,23.24,23.29,23.27,515154000,NVDA
2023-03-06,23.89,24.25,23.49,23.55,23.53,437429000,NVDA
2023-03-03,23.32,23.9,23.13,23.89,23.87,412393000,NVDA
2023-03-02,22.49,23.38,22.43,23.31,23.29,389415000,NVDA
2023-03-01,23.19,23.26,22.51,22.7,22.68,460026000,NVDA
2023-02-28,23.37,23.83,23.21,23.22,23.2,455963000,NVDA
2023-02-27,23.67,23.88,23.45,23.5,23.48,452994000,NVDA
2023-02-24,23.23,23.47,22.95,23.29,23.27,589716000,NVDA
2023-02-23,23.44,23.89,23.02,23.66,23.64,1117995000,NVDA
2023-02-22,20.71,21.1,20.42,20.75,20.74,513184000,NVDA
2023-02-21,21.0,21.49,20.62,20.66,20.64,410015000,NVDA
2023-02-17,21.63,21.74,20.98,21.39,21.37,465888000,NVDA
2023-02-16,22.13,22.55,21.93,22.0,21.98,412026000,NVDA
2023-02-15,22.55,22.85,22.11,22.76,22.74,420575000,NVDA
2023-02-14,21.58,23.05,21.37,22.97,22.95,675474000,NVDA
2023-02-13,21.54,22.05,20.96,21.79,21.77,474919000,NVDA
2023-02-10,21.69,22.08,20.81,21.26,21.25,550737000,NVDA
2023-02-09,22.61,23.02,22.12,22.34,22.32,523876000,NVDA
2023-02-08,22.39,22.88,22.01,22.2,22.19,559651000,NVDA
2023-02-07,21.38,22.26,21.15,22.17,22.15,664150000,NVDA
2023-02-06,20.81,21.57,20.79,21.09,21.07,452197000,NVDA
2023-02-03,21.0,21.75,20.79,21.1,21.08,429366000,NVDA
2023-02-02,21.0,21.95,20.7,21.71,21.69,564276000,NVDA
2023-02-01,19.69,21.19,19.61,20.94,20.92,660477000,NVDA
2023-01-31,19.17,19.69,18.95,19.54,19.52,498017000,NVDA
2023-01-30,19.95,20.14,19.15,19.16,19.14,488611000,NVDA
2023-01-27,19.46,20.63,19.41,20.36,20.35,542142000,NVDA
2023-01-26,19.7,20.17,19.28,19.8,19.78,489535000,NVDA
2023-01-25,18.91,19.37,18.58,19.32,19.31,449537000,NVDA
2023-01-24,18.83,19.5,18.82,19.26,19.25,496204000,NVDA
2023-01-23,18.06,19.25,17.82,19.19,19.18,655163000,NVDA
2023-01-20,17.01,17.86,16.83,17.84,17.82,564967000,NVDA
2023-01-19,17.04,17.2,16.73,16.76,16.75,452932000,NVDA
2023-01-18,17.67,17.87,17.28,17.38,17.36,439624000,NVDA
2023-01-17,16.9,17.73,16.9,17.7,17.69,511102000,NVDA
2023-01-13,16.28,16.92,16.17,16.9,16.88,447287000,NVDA
2023-01-12,16.1,16.64,15.49,16.51,16.5,551409000,NVDA
2023-01-11,15.84,16.03,15.56,16.0,15.99,353285000,NVDA
2023-01-10,15.51,15.96,15.47,15.91,15.89,384101000,NVDA
2023-01-09,15.28,16.06,15.14,15.63,15.61,504231000,NVDA
2023-01-06,14.47,15.01,14.03,14.86,14.85,405044000,NVDA
2023-01-05,14.49,14.56,14.15,14.27,14.25,389168000,NVDA
2023-01-04,14.57,14.85,14.24,14.75,14.74,431324000,NVDA
2023-01-03,14.85,15.0,14.1,14.31,14.3,401277000,NVDA
2022-12-30,14.33,14.63,14.23,14.61,14.6,310490000,NVDA
2022-12-29,14.4,14.68,14.23,14.6,14.59,354923000,NVDA
2022-12-28,13.93,14.26,13.88,14.04,14.02,351066000,NVDA
2022-12-27,15.07,15.1,14.06,14.12,14.11,464902000,NVDA
2022-12-23,15.2,15.34,14.88,15.21,15.19,349326000,NVDA
2022-12-22,16.09,16.14,14.88,15.34,15.33,565045000,NVDA
2022-12-21,16.11,16.63,16.1,16.5,16.49,325025000,NVDA
2022-12-20,16.06,16.31,15.85,16.08,16.07,403260000,NVDA
2022-12-19,16.57,16.61,16.15,16.25,16.24,354039000,NVDA
2022-12-16,16.86,17.04,16.41,16.57,16.56,478232000,NVDA
2022-12-15,17.15,17.32,16.7,16.95,16.94,478542000,NVDA
2022-12-14,17.99,18.25,17.42,17.67,17.66,496888000,NVDA
2022-12-13,18.53,18.79,17.71,18.07,18.06,656589000,NVDA
2022-12-12,17.04,17.54,16.8,17.53,17.52,457328000,NVDA
2022-12-09,17.16,17.58,16.98,17.0,16.99,465338000,NVDA
2022-12-08,16.27,17.18,15.96,17.17,17.15,515456000,NVDA
2022-12-07,15.77,16.19,15.67,16.12,16.11,372388000,NVDA
2022-12-06,16.53,16.57,15.82,15.99,15.97,352694000,NVDA
2022-12-05,16.68,17.0,16.47,16.61,16.6,352255000,NVDA
2022-12-02,16.66,16.93,16.44,16.88,16.86,371389000,NVDA
2022-12-01,17.0,17.26,16.64,17.14,17.12,470977000,NVDA
2022-11-30,15.7,16.93,15.6,16.92,16.91,565298000,NVDA
2022-11-29,15.83,15.93,15.52,15.64,15.62,298384000,NVDA
2022-11-28,16.03,16.36,15.73,15.83,15.81,303741000,NVDA
2022-11-25,16.32,16.49,16.17,16.27,16.25,167934000,NVDA
2022-11-23,16.1,16.53,16.05,16.52,16.5,427241000,NVDA
2022-11-22,15.33,16.06,15.12,16.04,16.02,472866000,NVDA
2022-11-21,15.15,15.48,15.08,15.32,15.3,404739000,NVDA
2022-11-18,15.97,16.0,15.12,15.41,15.39,492072000,NVDA
2022-11-17,15.72,16.27,15.53,15.68,15.66,710894000,NVDA
2022-11-16,16.16,16.36,15.87,15.91,15.89,649547000,NVDA
2022-11-15,16.72,17.0,16.38,16.67,16.65,545876000,NVDA
2022-11-14,16.22,16.54,15.92,16.3,16.28,527852000,NVDA
2022-11-11,15.81,16.39,15.48,16.33,16.31,655487000,NVDA
2022-11-10,14.8,15.77,14.55,15.75,15.73,700819000,NVDA
2022-11-09,14.16,14.21,13.76,13.78,13.76,454414000,NVDA
2022-11-08,14.8,14.89,14.22,14.6,14.59,595292000,NVDA
2022-11-07,14.23,14.41,13.95,14.3,14.28,410061000,NVDA
2022-11-04,13.99,14.23,13.7,14.16,14.14,612576000,NVDA
2022-11-03,13.04,13.78,12.96,13.42,13.41,500065000,NVDA
2022-11-02,13.85,14.21,13.21,13.22,13.2,672628000,NVDA
2022-11-01,13.81,13.93,13.52,13.54,13.53,432817000,NVDA
2022-10-31,13.78,13.84,13.3,13.5,13.48,486341000,NVDA
2022-10-28,13.1,13.85,13.06,13.83,13.82,521040000,NVDA
2022-10-27,13.63,13.84,13.12,13.18,13.16,583113000,NVDA
2022-10-26,12.87,13.39,12.71,12.9,12.88,532953000,NVDA
2022-10-25,12.69,13.3,12.66,13.26,13.25,505482000,NVDA
2022-10-24,12.51,12.71,12.06,12.6,12.58,517457000,NVDA
2022-10-21,12.1,12.5,11.89,12.47,12.45,609494000,NVDA
2022-10-20,12.11,12.77,12.1,12.19,12.18,652398000,NVDA
2022-10-19,11.88,12.35,11.83,12.05,12.04,523131000,NVDA
2022-10-18,12.34,12.49,11.62,11.97,11.95,659362000,NVDA
2022-10-17,11.52,11.95,11.52,11.89,11.87,580774000,NVDA
2022-10-14,12.06,12.11,11.2,11.23,11.21,713432000,NVDA
2022-10-13,10.97,12.08,10.81,11.96,11.95,850103000,NVDA
2022-10-12,11.58,11.73,11.35,11.5,11.49,492590000,NVDA
2022-10-11,11.56,11.85,11.28,11.59,11.57,667482000,NVDA
2022-10-10,12.04,12.12,11.41,11.67,11.66,698699000,NVDA
2022-10-07,12.51,12.67,12.02,12.08,12.06,672478000,NVDA
2022-10-06,13.22,13.66,13.1,13.13,13.11,644157000,NVDA
2022-10-05,12.91,13.32,12.62,13.21,13.19,507131000,NVDA
2022-10-04,12.88,13.22,12.88,13.17,13.15,584182000,NVDA
2022-10-03,12.35,12.68,12.1,12.51,12.5,547478000,NVDA
2022-09-30,12.09,12.63,12.07,12.14,12.13,565638000,NVDA
2022-09-29,12.45,12.5,11.95,12.22,12.21,532763000,NVDA
2022-09-28,12.41,12.82,12.35,12.74,12.72,542414000,NVDA
2022-09-27,12.51,12.74,12.26,12.41,12.4,553854000,NVDA
2022-09-26,12.49,12.66,12.21,12.23,12.21,547343000,NVDA
2022-09-23,12.42,12.61,12.26,12.52,12.5,663309000,NVDA
2022-09-22,13.07,13.15,12.43,12.56,12.55,759162000,NVDA
2022-09-21,13.21,14.03,13.11,13.26,13.25,807679000,NVDA
2022-09-20,13.22,13.48,13.06,13.18,13.16,524818000,NVDA
2022-09-19,13.01,13.46,13.01,13.38,13.37,569685000,NVDA
2022-09-16,12.74,13.21,12.62,13.2,13.18,670751000,NVDA
2022-09-15,13.02,13.23,12.79,12.93,12.91,523625000,NVDA
2022-09-14,13.25,13.29,12.91,13.13,13.11,588507000,NVDA
2022-09-13,13.8,13.92,13.1,13.13,13.12,714956000,NVDA
2022-09-12,14.37,14.55,14.2,14.51,14.49,484159000,NVDA
2022-09-09,14.16,14.47,14.13,14.39,14.37,486612000,NVDA
2022-09-08,13.46,14.01,13.37,13.99,13.97,624873000,NVDA
2022-09-07,13.56,13.84,13.35,13.71,13.7,512657000,NVDA
2022-09-06,13.73,13.78,13.35,13.47,13.45,535751000,NVDA
2022-09-02,14.1,14.17,13.59,13.65,13.63,743157000,NVDA
2022-09-01,14.21,14.38,13.27,13.94,13.92,1178865000,NVDA
2022-08-31,15.38,15.54,14.96,15.09,15.07,573710000,NVDA
2022-08-30,15.96,16.04,15.18,15.47,15.45,530181000,NVDA
2022-08-29,16.02,16.34,15.77,15.8,15.78,496132000,NVDA
2022-08-26,17.86,17.92,16.24,16.26,16.24,769127000,NVDA
2022-08-25,16.84,17.95,16.83,17.91,17.89,770691000,NVDA
2022-08-24,17.01,17.41,16.9,17.22,17.2,522661000,NVDA
2022-08-23,16.99,17.47,16.97,17.18,17.16,369986000,NVDA
2022-08-22,17.49,17.56,16.97,17.03,17.01,409593000,NVDA
2022-08-19,18.41,18.52,17.77,17.85,17.82,441588000,NVDA
2022-08-18,18.3,18.86,18.18,18.77,18.75,415447000,NVDA
2022-08-17,18.52,18.69,18.15,18.33,18.31,446799000,NVDA
2022-08-16,18.92,19.14,18.5,18.88,18.85,451240000,NVDA
2022-08-15,18.7,19.16,18.61,19.03,19.0,457666000,NVDA
2022-08-12,18.16,18.72,17.95,18.71,18.68,478094000,NVDA
2022-08-11,18.13,18.71,17.88,17.94,17.92,509327000,NVDA
2022-08-10,17.7,18.12,17.32,18.1,18.07,597422000,NVDA
2022-08-09,17.25,17.45,16.72,17.09,17.06,668263000,NVDA
2022-08-08,17.5,18.24,17.24,17.79,17.77,981859000,NVDA
2022-08-05,18.81,19.23,18.67,18.99,18.96,386068000,NVDA
2022-08-04,18.85,19.27,18.76,19.22,19.19,409652000,NVDA
2022-08-03,18.18,18.97,18.14,18.89,18.87,418146000,NVDA
2022-08-02,18.12,18.94,18.09,18.53,18.5,489527000,NVDA
2022-08-01,18.18,18.85,17.99,18.44,18.41,476469000,NVDA
2022-07-29,17.81,18.24,17.69,18.16,18.14,435460000,NVDA
2022-07-28,17.98,18.14,17.44,17.98,17.96,474646000,NVDA
2022-07-27,17.03,17.94,16.91,17.79,17.76,569776000,NVDA
2022-07-26,16.89,16.92,16.48,16.53,16.51,397865000,NVDA
2022-07-25,17.02,17.12,16.65,17.02,17.0,480748000,NVDA
2022-07-22,17.89,17.97,17.14,17.32,17.29,536671000,NVDA
2022-07-21,17.89,18.14,17.55,18.05,18.02,557049000,NVDA
2022-07-20,16.95,17.93,16.8,17.81,17.78,760538000,NVDA
2022-07-19,16.49,17.11,16.17,16.99,16.97,702366000,NVDA
2022-07-18,16.3,16.9,16.0,16.1,16.08,670517000,NVDA
2022-07-15,15.66,15.78,15.44,15.76,15.74,385935000,NVDA
2022-07-14,15.11,15.47,14.73,15.37,15.35,456235000,NVDA
2022-07-13,14.59,15.38,14.47,15.16,15.14,521918000,NVDA
2022-07-12,15.27,15.43,14.88,15.08,15.06,458483000,NVDA
2022-07-11,15.53,15.53,15.04,15.15,15.13,437321000,NVDA
2022-07-08,15.43,16.04,15.39,15.84,15.82,467972000,NVDA
2022-07-07,15.46,15.94,15.39,15.86,15.84,492903000,NVDA
2022-07-06,15.01,15.32,14.79,15.13,15.11,529066000,NVDA
2022-07-05,14.18,14.97,14.06,14.96,14.94,651397000,NVDA
2022-07-01,14.9,15.06,14.39,14.52,14.5,577610000,NVDA
2022-06-30,15.36,15.57,14.86,15.16,15.14,686070000,NVDA
2022-06-29,15.81,15.82,15.17,15.54,15.52,482352000,NVDA
2022-06-28,16.9,17.2,15.94,15.98,15.96,461149000,NVDA
2022-06-27,17.31,17.33,16.63,16.87,16.84,427968000,NVDA
2022-06-24,16.5,17.14,16.31,17.13,17.1,472153000,NVDA
2022-06-23,16.52,16.58,15.85,16.23,16.2,463680000,NVDA
2022-06-22,16.23,16.66,16.18,16.36,16.34,437135000,NVDA
2022-06-21,16.48,17.01,16.41,16.57,16.54,483089000,NVDA
2022-06-17,15.65,15.99,15.33,15.88,15.86,630334000,NVDA
2022-06-16,15.86,15.94,15.4,15.6,15.58,545749000,NVDA
2022-06-15,16.09,16.87,15.93,16.53,16.5,563936000,NVDA
2022-06-14,15.73,16.07,15.41,15.84,15.81,469680000,NVDA
2022-06-13,16.0,16.31,15.61,15.65,15.62,604153000,NVDA
2022-06-10,17.6,17.7,16.87,16.97,16.95,465248000,NVDA
2022-06-09,18.48,18.93,18.04,18.05,18.02,395574000,NVDA
2022-06-08,18.8,19.18,18.53,18.65,18.62,363252000,NVDA
2022-06-07,18.47,19.0,18.19,18.93,18.89,388914000,NVDA
2022-06-06,19.14,19.34,18.56,18.79,18.75,422406000,NVDA
2022-06-03,19.08,19.33,18.52,18.72,18.69,598779000,NVDA
2022-06-02,18.29,19.62,18.2,19.59,19.56,648656000,NVDA
2022-06-01,18.72,19.05,18.12,18.32,18.29,544514000,NVDA
2022-05-31,18.98,19.2,18.35,18.67,18.64,664100000,NVDA
2022-05-27,18.19,18.88,18.1,18.81,18.78,738379000,NVDA
2022-05-26,16.04,18.09,16.02,17.85,17.82,996575000,NVDA
2022-05-25,16.02,17.11,16.0,16.98,16.95,781132000,NVDA
2022-05-24,16.51,16.6,15.78,16.15,16.13,588550000,NVDA
2022-05-23,16.27,16.92,16.18,16.9,16.87,639889000,NVDA
2022-05-20,17.33,17.41,15.76,16.69,16.67,739105000,NVDA
2022-05-19,16.94,17.69,16.73,17.12,17.1,621310000,NVDA
2022-05-18,17.7,18.12,16.86,16.94,16.91,545161000,NVDA
2022-05-17,18.07,18.37,17.63,18.18,18.15,585830000,NVDA
2022-05-16,17.51,17.79,17.11,17.26,17.24,521446000,NVDA
2022-05-13,16.79,17.93,16.59,17.71,17.68,670437000,NVDA
2022-05-12,16.22,16.79,15.57,16.17,16.15,708728000,NVDA
2022-05-11,17.35,17.75,16.57,16.63,16.6,670167000,NVDA
2022-05-10,17.69,18.2,17.02,17.59,17.57,761474000,NVDA
2022-05-09,18.03,18.25,16.83,16.95,16.92,644455000,NVDA
2022-05-06,18.74,19.51,17.99,18.67,18.64,633297000,NVDA
2022-05-05,19.87,19.92,18.5,18.84,18.81,626331000,NVDA
2022-05-04,19.92,20.4,18.75,20.33,20.3,648855000,NVDA
2022-05-03,19.4,19.83,19.13,19.6,19.57,475751000,NVDA
2022-05-02,18.54,19.57,18.39,19.53,19.5,572049000,NVDA
2022-04-29,19.4,20.13,18.52,18.55,18.52,500435000,NVDA
2022-04-28,18.97,20.04,18.49,19.78,19.75,570327000,NVDA
2022-04-27,18.6,19.17,18.29,18.42,18.38,499460000,NVDA
2022-04-26,19.72,19.79,18.67,18.79,18.76,653143000,NVDA
2022-04-25,19.2,19.94,19.1,19.9,19.87,641566000,NVDA
2022-04-22,20.3,20.49,19.5,19.51,19.48,624713000,NVDA
2022-04-21,21.71,22.39,20.0,20.18,20.15,656209000,NVDA
2022-04-20,22.52,22.67,21.2,21.48,21.45,468974000,NVDA
2022-04-19,21.72,22.37,21.31,22.2,22.16,512781000,NVDA
2022-04-18,21.2,22.09,21.08,21.78,21.75,525701000,NVDA
2022-04-14,22.5,22.78,21.16,21.26,21.22,569097000,NVDA
2022-04-13,21.73,22.5,21.45,22.2,22.17,516943000,NVDA
2022-04-12,22.54,22.73,21.28,21.5,21.47,662258000,NVDA
2022-04-11,22.21,22.32,21.66,21.92,21.88,575207000,NVDA
2022-04-08,23.92,23.92,23.06,23.12,23.08,524781000,NVDA
2022-04-07,24.44,24.72,23.48,24.21,24.17,557992000,NVDA
2022-04-06,24.93,25.3,24.0,24.41,24.37,703833000,NVDA
2022-04-05,27.25,27.32,25.82,25.93,25.89,436615000,NVDA
2022-04-04,26.73,27.56,26.61,27.36,27.31,397120000,NVDA
2022-04-01,27.38,27.5,26.27,26.71,26.67,517235000,NVDA
2022-03-31,27.78,28.25,27.27,27.29,27.24,523440000,NVDA
2022-03-30,28.3,28.5,27.5,27.69,27.64,463487000,NVDA
2022-03-29,28.69,28.95,27.98,28.66,28.61,488984000,NVDA
2022-03-28,27.76,28.25,27.21,28.22,28.17,425494000,NVDA
2022-03-25,27.89,28.36,27.27,27.69,27.65,579016000,NVDA
2022-03-24,26.17,28.32,25.91,28.15,28.1,877379000,NVDA
2022-03-23,26.13,26.61,25.58,25.63,25.59,502120000,NVDA
2022-03-22,26.73,27.24,26.07,26.52,26.48,547007000,NVDA
2022-03-21,26.51,27.15,25.97,26.73,26.69,591727000,NVDA
2022-03-18,24.8,26.57,24.62,26.45,26.41,730719000,NVDA
2022-03-17,24.12,24.84,23.91,24.77,24.73,471941000,NVDA
2022-03-16,23.5,24.6,23.17,24.5,24.46,671422000,NVDA
2022-03-15,21.52,23.04,21.32,22.97,22.94,491996000,NVDA
2022-03-14,21.87,22.26,21.16,21.33,21.29,385354000,NVDA
2022-03-11,23.02,23.15,22.05,22.1,22.06,367209000,NVDA
2022-03-10,22.53,22.79,21.88,22.66,22.62,428066000,NVDA
2022-03-09,22.39,23.22,22.25,23.01,22.98,492742000,NVDA
2022-03-08,21.31,22.37,20.65,21.51,21.48,557467000,NVDA
2022-03-07,22.82,23.03,21.33,21.35,21.32,450821000,NVDA
2022-03-04,23.38,23.68,22.48,22.94,22.9,431415000,NVDA
2022-03-03,24.26,24.33,23.47,23.71,23.67,365095000,NVDA
2022-03-02,23.76,24.41,23.42,24.22,24.18,389642000,NVDA
2022-03-01,24.29,24.38,23.13,23.48,23.43,412056000,NVDA
2022-02-28,23.99,24.67,23.71,24.39,24.34,477319000,NVDA
2022-02-25,23.72,24.22,23.38,24.16,24.11,528866000,NVDA
2022-02-24,21.01,23.8,20.89,23.75,23.7,735801000,NVDA
2022-02-23,23.8,24.16,22.3,22.39,22.35,566511000,NVDA
2022-02-22,23.03,24.06,23.0,23.39,23.35,633422000,NVDA
2022-02-18,24.67,24.99,23.1,23.64,23.6,761255000,NVDA
2022-02-17,25.63,25.78,24.17,24.51,24.46,810595000,NVDA
2022-02-16,26.26,26.58,25.55,26.51,26.46,732676000,NVDA
2022-02-15,24.95,26.55,24.78,26.5,26.45,699869000,NVDA
2022-02-14,23.93,24.88,23.75,24.27,24.22,440424000,NVDA
2022-02-11,25.92,26.15,23.77,23.95,23.91,605472000,NVDA
2022-02-10,26.0,26.92,25.6,25.82,25.78,513200000,NVDA
2022-02-09,25.62,26.73,25.35,26.7,26.66,524282000,NVDA
2022-02-08,24.36,25.23,23.98,25.11,25.06,410359000,NVDA
2022-02-07,24.37,25.18,24.2,24.73,24.68,376868000,NVDA
2022-02-04,23.97,24.64,23.63,24.32,24.27,354829000,NVDA
2022-02-03,24.46,25.08,23.78,23.95,23.9,410178000,NVDA
2022-02-02,25.79,25.82,24.55,25.24,25.2,543419000,NVDA
2022-02-01,25.1,25.15,23.89,24.64,24.59,518925000,NVDA
2022-01-31,23.18,24.51,23.05,24.49,24.44,564680000,NVDA
2022-01-28,22.01,22.86,21.3,22.84,22.8,543774000,NVDA
2022-01-27,23.57,24.0,21.67,21.94,21.9,573353000,NVDA
2022-01-26,23.24,24.06,22.3,22.77,22.73,755959000,NVDA
2022-01-25,22.55,22.94,22.0,22.32,22.28,664616000,NVDA
2022-01-24,22.33,23.38,20.89,23.37,23.33,913982000,NVDA
2022-01-21,23.51,24.82,23.26,23.37,23.33,718958000,NVDA
2022-01-20,25.3,25.58,24.08,24.15,24.11,435181000,NVDA
2022-01-19,26.08,26.54,25.05,25.07,25.02,488315000,NVDA
2022-01-18,26.26,26.64,25.77,25.9,25.86,424270000,NVDA
2022-01-14,26.3,27.2,26.21,26.94,26.89,395832000,NVDA
2022-01-13,28.38,28.48,26.5,26.58,26.53,540171000,NVDA
2022-01-12,28.07,28.59,27.61,28.0,27.95,383413000,NVDA
2022-01-11,27.32,28.07,26.84,27.82,27.77,404089000,NVDA
2022-01-10,26.58,27.47,25.64,27.4,27.35,594681000,NVDA
2022-01-07,28.14,28.42,27.06,27.25,27.2,409939000,NVDA
2022-01-06,27.64,28.44,27.07,28.18,28.13,454186000,NVDA
2022-01-05,28.95,29.42,27.53,27.6,27.55,498064000,NVDA
2022-01-04,30.28,30.47,28.35,29.29,29.24,527154000,NVDA
2022-01-03,29.82,30.71,29.78,30.12,30.07,391547000,NVDA
2021-12-31,29.67,30.03,29.33,29.41,29.36,266530000,NVDA
2021-12-30,29.83,30.46,29.54,29.59,29.53,308864000,NVDA
2021-12-29,30.27,30.55,29.37,30.0,29.95,343139000,NVDA
2021-12-28,31.31,31.33,30.01,30.32,30.27,420591000,NVDA
2021-12-27,29.66,31.09,29.64,30.94,30.89,403686000,NVDA
2021-12-23,29.75,30.06,29.43,29.64,29.59,343022000,NVDA
2021-12-22,28.89,29.56,28.45,29.4,29.35,395184000,NVDA
2021-12-21,28.37,29.12,27.4,29.08,29.02,524385000,NVDA
2021-12-20,27.31,28.14,27.15,27.72,27.67,461847000,NVDA
2021-12-17,27.99,28.92,27.76,27.8,27.75,713758000,NVDA
2021-12-16,31.15,31.16,28.09,28.39,28.34,707366000,NVDA
2021-12-15,28.4,30.5,27.84,30.46,30.4,698297000,NVDA
2021-12-14,27.7,28.68,27.25,28.34,28.29,667035000,NVDA
2021-12-13,30.25,30.29,28.12,28.16,28.11,598344000,NVDA
2021-12-10,31.15,31.31,29.86,30.2,30.14,488825000,NVDA
2021-12-09,31.73,32.21,30.43,30.49,30.43,488507000,NVDA
2021-12-08,32.0,32.29,31.42,31.83,31.77,475551000,NVDA
2021-12-07,30.96,32.45,30.65,32.43,32.37,593053000,NVDA
2021-12-06,29.88,30.24,28.04,30.04,29.98,658938000,NVDA
2021-12-03,32.0,32.13,30.13,30.69,30.64,544325000,NVDA
2021-12-02,31.21,32.48,31.02,32.13,32.07,472890000,NVDA
2021-12-01,33.22,33.29,31.38,31.43,31.38,484368000,NVDA
2021-11-30,33.17,33.35,31.86,32.68,32.61,622066000,NVDA
2021-11-29,32.37,33.41,32.04,33.38,33.31,454964000,NVDA
2021-11-26,32.6,32.71,31.35,31.5,31.44,283069000,NVDA
2021-11-24,31.46,32.85,30.93,32.67,32.61,435162000,NVDA
2021-11-23,31.53,32.36,30.88,31.75,31.68,532163000,NVDA
2021-11-22,33.52,34.65,31.9,31.96,31.89,754335000,NVDA
2021-11-19,32.24,33.09,31.91,32.99,32.92,533867000,NVDA
2021-11-18,32.37,32.76,31.32,31.67,31.61,781711000,NVDA
2021-11-17,30.42,30.51,28.8,29.26,29.2,428508000,NVDA
2021-11-16,29.76,30.39,29.71,30.2,30.14,264484000,NVDA
2021-11-15,30.55,30.64,29.25,30.02,29.97,384909000,NVDA
2021-11-12,30.01,30.68,29.63,30.39,30.33,413054000,NVDA
2021-11-11,30.47,30.59,29.78,30.39,30.33,332172000,NVDA
2021-11-10,29.36,30.85,28.78,29.46,29.4,636206000,NVDA
2021-11-09,32.28,32.31,29.96,30.66,30.6,646746000,NVDA
2021-11-08,30.15,31.1,29.91,30.8,30.74,503101000,NVDA
2021-11-05,30.19,31.4,29.41,29.75,29.69,851260000,NVDA
2021-11-04,27.23,31.36,27.12,29.8,29.74,1153631000,NVDA
2021-11-03,26.67,26.78,26.24,26.6,26.55,239910000,NVDA
2021-11-02,25.82,26.68,25.8,26.4,26.35,294112000,NVDA
2021-11-01,25.65,25.89,25.23,25.83,25.78,265740000,NVDA
2021-10-29,25.0,25.71,25.0,25.57,25.52,292503000,NVDA
2021-10-28,24.88,24.95,24.52,24.94,24.89,234204000,NVDA
2021-10-27,24.47,25.09,24.28,24.45,24.4,245990000,NVDA
2021-10-26,23.99,25.26,23.92,24.72,24.67,485898000,NVDA
2021-10-25,22.97,23.35,22.77,23.17,23.12,230235000,NVDA
2021-10-22,22.82,23.13,22.56,22.73,22.68,249384000,NVDA
2021-10-21,22.1,22.71,22.08,22.69,22.65,187590000,NVDA
2021-10-20,22.31,22.43,21.98,22.1,22.06,146276000,NVDA
2021-10-19,22.28,22.38,22.04,22.29,22.25,161473000,NVDA
2021-10-18,21.75,22.29,21.64,22.22,22.18,189494000,NVDA
2021-10-15,21.81,21.93,21.66,21.86,21.82,226994000,NVDA
2021-10-14,21.29,21.75,21.12,21.75,21.7,243589000,NVDA
2021-10-13,20.92,20.99,20.71,20.94,20.9,180652000,NVDA
2021-10-12,20.83,21.06,20.53,20.67,20.63,162134000,NVDA
2021-10-11,20.58,21.06,20.51,20.69,20.65,163388000,NVDA
2021-10-08,21.1,21.21,20.77,20.83,20.79,151258000,NVDA
2021-10-07,21.09,21.32,20.97,21.08,21.03,256919000,NVDA
2021-10-06,20.12,20.72,20.08,20.7,20.66,297202000,NVDA
2021-10-05,19.95,20.65,19.85,20.45,20.41,279282000,NVDA
2021-10-04,20.5,20.54,19.56,19.73,19.69,345635000,NVDA
2021-10-01,20.75,20.86,20.2,20.74,20.7,240978000,NVDA
2021-09-30,20.77,21.07,20.69,20.72,20.68,221009000,NVDA
2021-09-29,20.94,21.02,20.47,20.52,20.48,218394000,NVDA
2021-09-28,21.21,21.42,20.65,20.7,20.66,343069000,NVDA
2021-09-27,21.71,21.8,21.33,21.66,21.62,245215000,NVDA
2021-09-24,22.07,22.15,21.86,22.08,22.04,217655000,NVDA
2021-09-23,22.14,22.53,21.89,22.48,22.44,248555000,NVDA
2021-09-22,21.37,21.96,21.2,21.94,21.9,268726000,NVDA
2021-09-21,21.42,21.42,20.95,21.25,21.2,204688000,NVDA
2021-09-20,21.15,21.43,20.66,21.11,21.07,349440000,NVDA
2021-09-17,22.3,22.32,21.83,21.9,21.86,294503000,NVDA
2021-09-16,22.18,22.28,21.93,22.24,22.2,156033000,NVDA
2021-09-15,22.31,22.37,21.97,22.34,22.3,166538000,NVDA
2021-09-14,22.27,22.41,22.09,22.24,22.2,199755000,NVDA
2021-09-13,22.68,22.96,21.86,22.15,22.11,297500000,NVDA
2021-09-10,22.35,22.63,22.27,22.48,22.43,248376000,NVDA
2021-09-09,22.31,22.54,22.13,22.18,22.13,196856000,NVDA
2021-09-08,22.51,22.61,21.98,22.34,22.3,254434000,NVDA
2021-09-07,22.83,22.9,22.52,22.66,22.62,198107000,NVDA
2021-09-03,22.33,22.99,22.2,22.84,22.8,280532000,NVDA
2021-09-02,22.52,22.59,22.3,22.4,22.35,187834000,NVDA
2021-09-01,22.49,22.7,22.36,22.44,22.4,201767000,NVDA
2021-08-31,22.69,22.69,22.12,22.39,22.34,259850000,NVDA
2021-08-30,22.83,23.04,22.55,22.69,22.64,262580000,NVDA
2021-08-27,22.18,22.72,22.17,22.64,22.59,304722000,NVDA
2021-08-26,22.2,22.34,21.79,22.07,22.02,237940000,NVDA
2021-08-25,21.74,22.47,21.72,22.21,22.17,347701000,NVDA
2021-08-24,21.75,21.96,21.53,21.79,21.75,297299000,NVDA
2021-08-23,20.97,22.0,20.95,21.96,21.91,575807000,NVDA
2021-08-20,19.99,20.86,19.93,20.82,20.77,675741000,NVDA
2021-08-19,19.49,20.5,18.76,19.8,19.76,766555000,NVDA
2021-08-18,19.5,19.63,19.0,19.04,19.0,285913000,NVDA
2021-08-17,19.68,19.77,19.27,19.46,19.42,204585000,NVDA
2021-08-16,20.14,20.29,19.45,19.95,19.91,210876000,NVDA
2021-08-13,19.91,20.21,19.85,20.19,20.15,183063000,NVDA
2021-08-12,19.87,20.03,19.62,19.91,19.86,151652000,NVDA
2021-08-11,20.04,20.05,19.43,19.7,19.66,185925000,NVDA
2021-08-10,20.32,20.43,19.83,19.94,19.89,179238000,NVDA
2021-08-09,20.45,20.51,20.14,20.3,20.25,146443000,NVDA
2021-08-06,20.52,20.57,20.21,20.37,20.32,178497000,NVDA
2021-08-05,20.5,20.73,20.34,20.64,20.59,211435000,NVDA
2021-08-04,19.99,20.32,19.83,20.27,20.23,231309000,NVDA
2021-08-03,19.74,20.22,19.22,19.82,19.77,301811000,NVDA
2021-08-02,19.7,19.96,19.36,19.75,19.71,217444000,NVDA
2021-07-30,19.42,19.63,19.26,19.5,19.46,183497000,NVDA
2021-07-29,19.52,19.85,19.33,19.66,19.62,190781000,NVDA
2021-07-28,19.32,19.65,19.0,19.5,19.46,202191000,NVDA
2021-07-27,19.26,19.62,18.74,19.21,19.17,248863000,NVDA
2021-07-26,19.31,19.44,18.91,19.29,19.25,203943000,NVDA
2021-07-23,19.66,19.7,19.25,19.56,19.52,195672000,NVDA
2021-07-22,19.64,19.89,19.28,19.59,19.55,323826000,NVDA
2021-07-21,18.88,19.53,18.74,19.41,19.37,371017000,NVDA
2021-07-20,18.73,18.84,18.16,18.61,18.57,434687000,NVDA
2021-07-19,17.92,19.04,17.87,18.78,18.74,749060000,NVDA
2021-07-16,19.03,19.16,18.07,18.16,18.12,688224000,NVDA
2021-07-15,19.81,19.85,18.86,18.97,18.93,550564000,NVDA
2021-07-14,20.36,20.42,19.75,19.84,19.8,380100000,NVDA
2021-07-13,20.4,20.46,20.11,20.25,20.21,290708000,NVDA
2021-07-12,20.24,20.53,20.19,20.51,20.47,321984000,NVDA
2021-07-09,19.96,20.08,19.75,20.05,20.01,296624000,NVDA
2021-07-08,19.86,20.13,19.7,19.9,19.86,503300000,NVDA
2021-07-07,20.85,20.88,20.33,20.37,20.33,418428000,NVDA
2021-07-06,20.74,20.84,20.35,20.7,20.65,446708000,NVDA
2021-07-02,20.44,20.51,20.29,20.49,20.44,342764000,NVDA
2021-07-01,20.13,20.46,20.02,20.21,20.17,480136000,NVDA
2021-06-30,20.0,20.16,19.86,20.0,19.96,326568000,NVDA
2021-06-29,19.88,20.1,19.66,20.03,19.98,367632000,NVDA
2021-06-28,19.36,20.08,19.32,19.99,19.94,495436000,NVDA
2021-06-25,19.28,19.35,18.89,19.03,18.99,278364000,NVDA
2021-06-24,19.23,19.42,19.09,19.21,19.16,320924000,NVDA
2021-06-23,19.01,19.15,18.91,19.06,19.02,332356000,NVDA
2021-06-22,18.47,18.96,18.39,18.89,18.85,580144000,NVDA
2021-06-21,18.44,18.54,17.82,18.43,18.39,672384000,NVDA
2021-06-18,18.78,19.38,18.58,18.64,18.6,968856000,NVDA
2021-06-17,17.77,18.83,17.76,18.66,18.62,809656000,NVDA
2021-06-16,17.79,17.95,17.58,17.81,17.77,307124000,NVDA
2021-06-15,17.92,18.02,17.73,17.79,17.75,243032000,NVDA
2021-06-14,17.91,18.04,17.66,18.02,17.98,321376000,NVDA
2021-06-11,17.48,17.94,17.44,17.83,17.79,416308000,NVDA
2021-06-10,17.35,17.49,17.18,17.42,17.39,287772000,NVDA
2021-06-09,17.52,17.58,17.26,17.36,17.32,381656000,NVDA
2021-06-08,17.53,17.62,17.25,17.46,17.42,323848000,NVDA
2021-06-07,17.57,17.81,17.19,17.62,17.58,575756000,NVDA
2021-06-04,17.11,17.66,17.1,17.58,17.54,617120000,NVDA
2021-06-03,16.7,17.26,16.58,16.97,16.93,580008000,NVDA
2021-06-02,16.25,16.92,16.24,16.78,16.74,594168000,NVDA
2021-06-01,16.27,16.39,15.9,16.26,16.23,472804000,NVDA
2021-05-28,15.5,16.28,15.5,16.24,16.21,644536000,NVDA
2021-05-27,15.7,15.75,15.46,15.49,15.45,581476000,NVDA
2021-05-26,15.73,15.79,15.59,15.7,15.66,370440000,NVDA
2021-05-25,15.77,15.82,15.48,15.65,15.61,435408000,NVDA
2021-05-24,15.21,15.74,15.18,15.61,15.58,554816000,NVDA
2021-05-21,15.16,15.22,14.87,14.99,14.96,672992000,NVDA
2021-05-20,14.3,14.68,14.27,14.61,14.58,321592000,NVDA
2021-05-19,13.57,14.08,13.54,14.07,14.03,344000000,NVDA
2021-05-18,14.27,14.4,14.0,14.02,13.98,186256000,NVDA
2021-05-17,14.16,14.17,13.85,14.17,14.13,216980000,NVDA
2021-05-14,13.89,14.33,13.75,14.24,14.21,258616000,NVDA
2021-05-13,14.03,14.08,13.46,13.67,13.63,285404000,NVDA
2021-05-12,14.01,14.26,13.71,13.76,13.73,303408000,NVDA
2021-05-11,13.82,14.35,13.75,14.31,14.27,285584000,NVDA
2021-05-10,14.79,14.81,14.25,14.27,14.23,268904000,NVDA
2021-05-07,14.81,14.97,14.67,14.81,14.78,229328000,NVDA
2021-05-06,14.5,14.57,14.22,14.52,14.49,193380000,NVDA
2021-05-05,14.71,14.81,14.39,14.46,14.42,292024000,NVDA
2021-05-04,14.64,14.64,14.01,14.35,14.32,405324000,NVDA
2021-05-03,15.13,15.25,14.79,14.84,14.8,203912000,NVDA
2021-04-30,15.17,15.36,15.0,15.01,14.97,201912000,NVDA
2021-04-29,15.4,15.44,15.07,15.32,15.29,173196000,NVDA
2021-04-28,15.36,15.53,15.22,15.28,15.24,209416000,NVDA
2021-04-27,15.58,15.67,15.35,15.38,15.35,164572000,NVDA
2021-04-26,15.19,15.48,15.13,15.48,15.44,197796000,NVDA
2021-04-23,14.93,15.34,14.9,15.27,15.23,227500000,NVDA
2021-04-22,15.38,15.44,14.78,14.85,14.82,277788000,NVDA
2021-04-21,15.12,15.36,15.1,15.36,15.32,216776000,NVDA
2021-04-20,15.32,15.5,14.96,15.17,15.14,334132000,NVDA
2021-04-19,15.54,15.81,15.23,15.36,15.33,404420000,NVDA
2021-04-16,16.05,16.17,15.87,15.91,15.88,335208000,NVDA
2021-04-15,15.66,16.21,15.63,16.14,16.1,598480000,NVDA
2021-04-14,15.63,15.72,15.23,15.28,15.24,385500000,NVDA
2021-04-13,15.23,15.7,15.13,15.68,15.64,676212000,NVDA
2021-04-12,14.29,15.35,14.14,15.21,15.17,869324000,NVDA
2021-04-09,14.21,14.41,14.18,14.4,14.37,195172000,NVDA
2021-04-08,14.25,14.47,14.25,14.32,14.28,244416000,NVDA
2021-04-07,13.88,14.24,13.71,14.14,14.11,251284000,NVDA
2021-04-06,14.0,14.05,13.77,13.86,13.83,191744000,NVDA
2021-04-05,13.87,14.01,13.73,13.99,13.95,255672000,NVDA
2021-04-01,13.57,13.87,13.51,13.81,13.78,308276000,NVDA
2021-03-31,13.02,13.47,12.98,13.35,13.32,314776000,NVDA
2021-03-30,12.84,12.98,12.7,12.87,12.84,200204000,NVDA
2021-03-29,12.82,13.06,12.7,12.95,12.92,273520000,NVDA
2021-03-26,12.55,12.86,12.37,12.84,12.81,363968000,NVDA
2021-03-25,12.5,12.71,12.27,12.54,12.51,295144000,NVDA
2021-03-24,13.15,13.16,12.64,12.64,12.61,245840000,NVDA
2021-03-23,13.25,13.34,13.02,13.07,13.04,222048000,NVDA
2021-03-22,12.91,13.39,12.91,13.19,13.16,297804000,NVDA
2021-03-19,12.75,12.92,12.61,12.85,12.82,299208000,NVDA
2021-03-18,13.14,13.18,12.72,12.72,12.69,293896000,NVDA
2021-03-17,13.04,13.45,12.99,13.34,13.31,243864000,NVDA
2021-03-16,13.36,13.51,13.12,13.29,13.26,272128000,NVDA
2021-03-15,12.86,13.21,12.77,13.19,13.16,221988000,NVDA
2021-03-12,12.65,12.89,12.59,12.86,12.83,243964000,NVDA
2021-03-11,12.95,13.05,12.73,12.99,12.96,299916000,NVDA
2021-03-10,12.84,12.98,12.46,12.47,12.44,384376000,NVDA
2021-03-09,12.13,12.62,12.06,12.52,12.49,521824000,NVDA
2021-03-08,12.45,12.47,11.57,11.59,11.56,543112000,NVDA
2021-03-05,12.55,12.55,11.68,12.46,12.43,542840000,NVDA
2021-03-04,12.8,12.98,12.08,12.37,12.34,573344000,NVDA
2021-03-03,13.43,13.45,12.8,12.8,12.77,377592000,NVDA
2021-03-02,13.9,13.92,13.4,13.41,13.37,264116000,NVDA
2021-03-01,13.88,13.93,13.55,13.84,13.8,353184000,NVDA
2021-02-26,13.75,13.85,13.36,13.71,13.68,500932000,NVDA
2021-02-25,14.05,14.37,13.22,13.31,13.27,824436000,NVDA
2021-02-24,14.12,14.51,13.76,14.5,14.46,448320000,NVDA
2021-02-23,14.08,14.24,13.39,14.14,14.1,391780000,NVDA
2021-02-22,14.77,15.13,14.32,14.36,14.32,325884000,NVDA
2021-02-19,15.02,15.18,14.85,14.93,14.89,271724000,NVDA
2021-02-18,14.73,14.87,14.57,14.83,14.79,233868000,NVDA
2021-02-17,15.17,15.22,14.78,14.91,14.87,274756000,NVDA
2021-02-16,15.06,15.37,14.95,15.33,15.29,321960000,NVDA
2021-02-12,15.05,15.29,14.77,14.96,14.92,374756000,NVDA
2021-02-11,14.98,15.27,14.93,15.25,15.21,450828000,NVDA
2021-02-10,14.46,14.9,14.34,14.76,14.72,485352000,NVDA
2021-02-09,14.34,14.58,14.22,14.26,14.22,287560000,NVDA
2021-02-08,13.73,14.47,13.73,14.44,14.4,434624000,NVDA
2021-02-05,13.73,13.74,13.55,13.59,13.55,169152000,NVDA
2021-02-04,13.53,13.67,13.34,13.66,13.63,201340000,NVDA
2021-02-03,13.64,13.93,13.52,13.53,13.49,245408000,NVDA
2021-02-02,13.4,13.57,13.29,13.56,13.52,220440000,NVDA
2021-02-01,13.05,13.27,12.9,13.24,13.2,217204000,NVDA
2021-01-29,13.07,13.33,12.91,12.99,12.95,271552000,NVDA
2021-01-28,13.0,13.34,12.96,13.05,13.02,228316000,NVDA
2021-01-27,13.23,13.23,12.79,12.92,12.88,371272000,NVDA
2021-01-26,13.58,13.64,13.39,13.44,13.4,163980000,NVDA
2021-01-25,13.78,13.83,13.24,13.65,13.62,251112000,NVDA
2021-01-22,13.74,13.84,13.63,13.71,13.68,246820000,NVDA
2021-01-21,13.42,14.0,13.25,13.87,13.83,337780000,NVDA
2021-01-20,13.11,13.43,13.06,13.37,13.33,258572000,NVDA
2021-01-19,13.02,13.09,12.84,13.03,12.99,226188000,NVDA
2021-01-15,13.23,13.33,12.85,12.86,12.82,277780000,NVDA
2021-01-14,13.57,13.6,13.18,13.2,13.16,283120000,NVDA
2021-01-13,13.49,13.63,13.39,13.53,13.5,210028000,NVDA
2021-01-12,13.75,13.75,13.35,13.48,13.45,291476000,NVDA
2021-01-11,13.42,13.96,13.36,13.62,13.58,518344000,NVDA
2021-01-08,13.36,13.42,13.04,13.28,13.24,292528000,NVDA
2021-01-07,12.97,13.38,12.89,13.34,13.31,461480000,NVDA
2021-01-06,13.22,13.24,12.59,12.61,12.58,580424000,NVDA
2021-01-05,13.1,13.44,13.09,13.4,13.37,322760000,NVDA
2021-01-04,13.1,13.65,12.96,13.11,13.08,560640000,NVDA
2020-12-31,13.14,13.15,12.91,13.06,13.02,192424000,NVDA
2020-12-30,12.99,13.21,12.9,13.15,13.11,225396000,NVDA
2020-12-29,12.93,13.07,12.84,12.94,12.91,170372000,NVDA
2020-12-28,13.06,13.06,12.76,12.9,12.87,212564000,NVDA
2020-12-24,13.04,13.13,12.94,12.99,12.96,97884000,NVDA
2020-12-23,13.26,13.27,13.01,13.01,12.97,179144000,NVDA
2020-12-22,13.32,13.34,13.05,13.28,13.24,185580000,NVDA
2020-12-21,13.07,13.37,12.97,13.33,13.3,302332000,NVDA
2020-12-18,13.38,13.4,13.07,13.27,13.24,342064000,NVDA
2020-12-17,13.37,13.38,13.18,13.34,13.31,231384000,NVDA
2020-12-16,13.42,13.44,13.21,13.24,13.21,223116000,NVDA
2020-12-15,13.44,13.46,13.19,13.36,13.32,193016000,NVDA
2020-12-14,13.09,13.39,13.08,13.31,13.27,270156000,NVDA
2020-12-11,12.97,13.02,12.82,13.01,12.98,209264000,NVDA
2020-12-10,12.87,13.07,12.85,12.97,12.94,207764000,NVDA
2020-12-09,13.3,13.41,12.87,12.93,12.9,401300000,NVDA
2020-12-08,13.59,13.6,13.28,13.35,13.31,271920000,NVDA
2020-12-07,13.6,13.73,13.5,13.61,13.57,223244000,NVDA
2020-12-04,13.45,13.56,13.39,13.56,13.52,202244000,NVDA
2020-12-03,13.59,13.66,13.33,13.4,13.36,199520000,NVDA
2020-12-02,13.35,13.67,13.23,13.54,13.5,283360000,NVDA
2020-12-01,13.49,13.53,13.23,13.39,13.35,296948000,NVDA
2020-11-30,13.27,13.41,12.97,13.4,13.36,286952000,NVDA
2020-11-27,13.38,13.41,13.17,13.26,13.22,167276000,NVDA
2020-11-25,13.03,13.27,13.02,13.23,13.2,259916000,NVDA
2020-11-24,13.14,13.16,12.89,12.96,12.92,346500000,NVDA
2020-11-23,13.17,13.38,13.02,13.14,13.1,361356000,NVDA
2020-11-20,13.45,13.49,13.06,13.09,13.05,341088000,NVDA
2020-11-19,13.21,13.49,13.1,13.44,13.4,565936000,NVDA
2020-11-18,13.47,13.61,13.19,13.43,13.39,510924000,NVDA
2020-11-17,13.55,13.6,13.3,13.42,13.38,312028000,NVDA
2020-11-16,13.17,13.65,13.16,13.52,13.47,413776000,NVDA
2020-11-13,13.63,13.67,13.06,13.3,13.26,346312000,NVDA
2020-11-12,13.48,13.77,13.32,13.46,13.42,365812000,NVDA
2020-11-11,13.05,13.44,12.95,13.42,13.38,404744000,NVDA
2020-11-10,13.61,13.61,12.63,12.77,12.73,644068000,NVDA
2020-11-09,14.55,14.69,13.61,13.63,13.59,582976000,NVDA
2020-11-06,14.11,14.59,13.9,14.56,14.52,383348000,NVDA
2020-11-05,14.16,14.34,13.99,14.16,14.12,319028000,NVDA
2020-11-04,13.39,13.83,13.34,13.79,13.75,410228000,NVDA
2020-11-03,12.71,13.1,12.6,13.02,12.98,272900000,NVDA
2020-11-02,12.66,12.84,12.4,12.58,12.54,299652000,NVDA
2020-10-30,12.85,12.94,12.3,12.53,12.5,416820000,NVDA
2020-10-29,12.84,13.19,12.75,13.02,12.99,320080000,NVDA
2020-10-28,13.2,13.26,12.61,12.63,12.59,376520000,NVDA
2020-10-27,13.31,13.44,13.19,13.4,13.36,250520000,NVDA
2020-10-26,13.43,13.69,13.04,13.14,13.1,336896000,NVDA
2020-10-23,13.45,13.59,13.29,13.59,13.55,233484000,NVDA
2020-10-22,13.52,13.61,13.23,13.36,13.32,290480000,NVDA
2020-10-21,13.63,13.79,13.48,13.52,13.48,219596000,NVDA
2020-10-20,13.58,13.8,13.51,13.65,13.6,229212000,NVDA
2020-10-19,13.9,13.98,13.41,13.5,13.46,298068000,NVDA
2020-10-16,14.04,14.12,13.79,13.81,13.77,242392000,NVDA
2020-10-15,13.81,14.01,13.77,13.97,13.93,267224000,NVDA
2020-10-14,14.29,14.34,13.96,14.1,14.05,276100000,NVDA
2020-10-13,14.3,14.35,14.02,14.25,14.21,344604000,NVDA
2020-10-12,13.99,14.35,13.91,14.23,14.18,434744000,NVDA
2020-10-09,13.77,13.82,13.66,13.76,13.72,346892000,NVDA
2020-10-08,14.07,14.08,13.76,13.84,13.8,378900000,NVDA
2020-10-07,14.0,14.12,13.86,13.96,13.92,418084000,NVDA
2020-10-06,13.83,14.14,13.66,13.74,13.7,784420000,NVDA
2020-10-05,13.24,13.64,13.22,13.64,13.6,479820000,NVDA
2020-10-02,13.23,13.52,13.05,13.06,13.02,552496000,NVDA
2020-10-01,13.76,13.76,13.46,13.61,13.57,525004000,NVDA
2020-09-30,13.16,13.62,13.15,13.53,13.49,689184000,NVDA
2020-09-29,12.94,13.44,12.93,13.23,13.19,621460000,NVDA
2020-09-28,13.04,13.05,12.75,13.03,13.0,573808000,NVDA
2020-09-25,12.45,12.88,12.25,12.87,12.84,588016000,NVDA
2020-09-24,12.07,12.57,12.01,12.35,12.31,731240000,NVDA
2020-09-23,12.58,12.73,12.08,12.12,12.09,647012000,NVDA
2020-09-22,12.57,12.65,12.16,12.64,12.6,646452000,NVDA
2020-09-21,11.93,12.52,11.9,12.52,12.48,721044000,NVDA
2020-09-18,12.59,12.63,11.99,12.19,12.15,698460000,NVDA
2020-09-17,12.13,12.59,12.03,12.46,12.43,792512000,NVDA
2020-09-16,12.96,13.09,12.51,12.51,12.48,556384000,NVDA
2020-09-15,13.28,13.3,12.83,12.99,12.95,727556000,NVDA
2020-09-14,13.08,13.31,12.63,12.87,12.83,1201744000,NVDA
2020-09-11,12.49,12.65,11.9,12.16,12.13,636928000,NVDA
2020-09-10,12.99,13.07,12.17,12.31,12.27,698684000,NVDA
2020-09-09,12.4,12.81,12.23,12.72,12.68,736200000,NVDA
2020-09-08,11.73,12.55,11.7,11.91,11.88,795728000,NVDA
2020-09-04,12.78,13.18,11.7,12.62,12.58,1463684000,NVDA
2020-09-03,13.83,13.88,12.88,13.02,12.98,945128000,NVDA
2020-09-02,14.7,14.73,13.9,14.35,14.3,874012000,NVDA
2020-09-01,13.48,13.99,13.44,13.82,13.78,511316000,NVDA
2020-08-31,13.18,13.57,13.04,13.37,13.33,500840000,NVDA
2020-08-28,12.68,13.15,12.64,13.15,13.1,537160000,NVDA
2020-08-27,12.78,12.85,12.57,12.63,12.59,317604000,NVDA
2020-08-26,12.8,12.87,12.68,12.77,12.73,321244000,NVDA
2020-08-25,12.63,12.76,12.57,12.75,12.71,289076000,NVDA
2020-08-24,12.88,12.91,12.51,12.72,12.68,490564000,NVDA
2020-08-21,12.2,12.81,12.2,12.68,12.64,999868000,NVDA
2020-08-20,11.98,12.38,11.88,12.14,12.1,921388000,NVDA
2020-08-19,12.3,12.31,12.1,12.14,12.1,622624000,NVDA
2020-08-18,12.45,12.5,12.09,12.26,12.22,503448000,NVDA
2020-08-17,11.85,12.41,11.82,12.34,12.3,621300000,NVDA
2020-08-14,11.53,11.7,11.44,11.56,11.53,366436000,NVDA
2020-08-13,11.55,11.72,11.36,11.44,11.41,374460000,NVDA
2020-08-12,10.99,11.47,10.96,11.44,11.4,464412000,NVDA
2020-08-11,11.07,11.14,10.8,10.85,10.81,354512000,NVDA
2020-08-10,11.33,11.41,10.86,11.16,11.13,427796000,NVDA
2020-08-07,11.31,11.5,11.04,11.2,11.16,342516000,NVDA
2020-08-06,11.35,11.36,11.18,11.34,11.3,244316000,NVDA
2020-08-05,11.24,11.37,11.17,11.29,11.25,249924000,NVDA
2020-08-04,11.05,11.23,10.91,11.23,11.19,310336000,NVDA
2020-08-03,10.73,11.1,10.72,11.01,10.97,412720000,NVDA
2020-07-31,10.56,10.77,10.43,10.61,10.58,386080000,NVDA
2020-07-30,10.38,10.62,10.3,10.61,10.58,308880000,NVDA
